target,probe,fact,inference_type,source_fact(s),derivation,question,answer,source_facts,text_sentences
 first episode of anaphylaxis,"According to the case report 'Multiphasic anaphylaxis in the emergency and intensive care setting', based on her prior reaction history, the clarithromycin event was her","According to the case report 'Multiphasic anaphylaxis in the emergency and intensive care setting', based on her prior reaction history, the clarithromycin event was her first episode of anaphylaxis",Multi-Fact Integration,"['The patient had presented with a mild allergic reaction to amoxicillin in her adolescence, which was limited to facial swelling without oropharyngeal swelling, rash, hypotension or dyspnoea, and furthermore had previously displayed a strong local skin reaction to a wasp sting, but without any systemic symptoms.', 'Her vital signs at initial ED presentation showed hypotension and hypoxaemia (non-invasive blood pressure: 74/50\u2009mm Hg, peripheral oxygen saturation 88% at room air, respiratory rate 22\u2009breaths per minute), with initial clinical examination showing facial swelling, new-onset generalised erythema and urticaria over her entire body and increased transpiration and agitation.', 'Anaphylaxis itself is a fairly well-defined clinical diagnosis, characterised by the sudden onset and rapid progression of symptoms involving the airway, breathing, circulation and/or gastrointestinal tract and typically accompanied by cutaneous or mucosal manifestations such as urticaria, angioedema or flushing.']","Her earlier reactions lacked systemic involvement, whereas the clarithromycin episode included circulation/breathing compromise plus cutaneous findings that fit the report’s definition of anaphylaxis.","Based on the report’s definition and her prior reaction history, what was unique about the clarithromycin event?",first episode of anaphylaxis,"['The patient had presented with a mild allergic reaction to amoxicillin in her adolescence, which was limited to facial swelling without oropharyngeal swelling, rash, hypotension or dyspnoea, and furthermore had previously displayed a strong local skin reaction to a wasp sting, but without any systemic symptoms.', 'Her vital signs at initial ED presentation showed hypotension and hypoxaemia (non-invasive blood pressure: 74/50\u2009mm Hg, peripheral oxygen saturation 88% at room air, respiratory rate 22\u2009breaths per minute), with initial clinical examination showing facial swelling, new-onset generalised erythema and urticaria over her entire body and increased transpiration and agitation.', 'Anaphylaxis itself is a fairly well-defined clinical diagnosis, characterised by the sudden onset and rapid progression of symptoms involving the airway, breathing, circulation and/or gastrointestinal tract and typically accompanied by cutaneous or mucosal manifestations such as urticaria, angioedema or flushing.']","['The patient had presented with a mild allergic reaction to amoxicillin in her adolescence, which was limited to facial swelling without oropharyngeal swelling, rash, hypotension or dyspnoea, and furthermore had previously displayed a strong local skin reaction to a wasp sting, but without any systemic symptoms.', 'Her vital signs at initial ED presentation showed hypotension and hypoxaemia (non-invasive blood pressure: 74/50\u2009mm Hg, peripheral oxygen saturation 88% at room air, respiratory rate 22\u2009breaths per minute), with initial clinical examination showing facial swelling, new-onset generalised erythema and urticaria over her entire body and increased transpiration and agitation.', 'Anaphylaxis itself is a fairly well-defined clinical diagnosis, characterised by the sudden onset and rapid progression of symptoms involving the airway, breathing, circulation and/or gastrointestinal tract and typically accompanied by cutaneous or mucosal manifestations such as urticaria, angioedema or flushing.']"
 could miss relapses,"According to the case report 'Multiphasic anaphylaxis in the emergency and intensive care setting', using only a traditional 4–6 hour observation period for this patient","According to the case report 'Multiphasic anaphylaxis in the emergency and intensive care setting', using only a traditional 4–6 hour observation period for this patient could miss relapses",Synthesized Insight,"['However, despite an initial good response, the patient developed recurrent episodes of symptoms fitting anaphylactic shock within the first 12 hours of admission.', 'Traditional observation periods range from 4 to 6 hours following symptom resolution.']","Because her relapses occurred within 12 hours, a 4–6 hour observation window could have ended before later recurrences happened.",What does this case imply about using only a traditional 4–6 hour observation period for this patient?,could miss relapses,"['However, despite an initial good response, the patient developed recurrent episodes of symptoms fitting anaphylactic shock within the first 12 hours of admission.', 'Traditional observation periods range from 4 to 6 hours following symptom resolution.']","['However, despite an initial good response, the patient developed recurrent episodes of symptoms fitting anaphylactic shock within the first 12 hours of admission.', 'Traditional observation periods range from 4 to 6 hours following symptom resolution.']"
 potentially critical underdosing,"According to the case report 'Multiphasic anaphylaxis in the emergency and intensive care setting', the first two epinephrine treatments for this patient represented","According to the case report 'Multiphasic anaphylaxis in the emergency and intensive care setting', the first two epinephrine treatments for this patient represented potentially critical underdosing",Multi-Fact Integration,"['Her weight was 104\u2009kg.', 'However, the use of a 0.3\u2009mg epinephrine auto-injector, while not uncommon, leads to a potentially critical underdosing in adults over 50\u2009kg.', 'The first two epinephrine doses were administered by auto-injector containing 0.3\u2009mg epinephrine intramuscularly']","Since she weighed well over 50 kg and her first two doses were 0.3 mg auto-injectors, those doses matched the report’s description of underdosing.",What dosing problem did the first two epinephrine treatments represent for this patient?,potentially critical underdosing,"['Her weight was 104\u2009kg.', 'However, the use of a 0.3\u2009mg epinephrine auto-injector, while not uncommon, leads to a potentially critical underdosing in adults over 50\u2009kg.', 'The first two epinephrine doses were administered by auto-injector containing 0.3\u2009mg epinephrine intramuscularly']","['Her weight was 104\u2009kg.', 'However, the use of a 0.3\u2009mg epinephrine auto-injector, while not uncommon, leads to a potentially critical underdosing in adults over 50\u2009kg.', 'The first two epinephrine doses were administered by auto-injector containing 0.3\u2009mg epinephrine intramuscularly']"
 recurrent anaphylactic shock,"According to the case report 'Multiphasic anaphylaxis in the emergency and intensive care setting', if she had been monitored only for a traditional 4–6-hour period after symptom resolution, the later problem that could have been missed was","According to the case report 'Multiphasic anaphylaxis in the emergency and intensive care setting', if she had been monitored only for a traditional 4–6-hour period after symptom resolution, the later problem that could have been missed was recurrent anaphylactic shock",Reasoning Step,"['Traditional observation periods range from 4 to 6 hours following symptom resolution.', 'however, despite an initial good response, the patient developed recurrent episodes of symptoms fitting anaphylactic shock within the first 12 hours of admission.']","If observation had ended after only 4–6 hours, relapses that occurred later within 12 hours could have gone unobserved.","If she had been monitored only for a traditional 4–6-hour period after symptom resolution, what later problem could have been missed?",recurrent anaphylactic shock,"['Traditional observation periods range from 4 to 6 hours following symptom resolution.', 'however, despite an initial good response, the patient developed recurrent episodes of symptoms fitting anaphylactic shock within the first 12 hours of admission.']","['Traditional observation periods range from 4 to 6 hours following symptom resolution.', 'however, despite an initial good response, the patient developed recurrent episodes of symptoms fitting anaphylactic shock within the first 12 hours of admission.']"
 symptom recurrence,"According to the case report 'Multiphasic anaphylaxis in the emergency and intensive care setting', the proposed intravenous epinephrine pump was intended to avoid","According to the case report 'Multiphasic anaphylaxis in the emergency and intensive care setting', the proposed intravenous epinephrine pump was intended to avoid symptom recurrence",Synthesized Insight,"['First, continuous administration of epinephrine via intravenous pump was considered, pre-emptively treating anaphylaxis instead of waiting for symptom recurrence.', 'Each episode required intramuscular administration of epinephrine to resolve (figure 1)']","Since IM epinephrine was being given only after each relapse, an IV pump was considered to prevent the next relapse from occurring first.",What problem was the proposed intravenous epinephrine pump intended to avoid?,symptom recurrence,"['First, continuous administration of epinephrine via intravenous pump was considered, pre-emptively treating anaphylaxis instead of waiting for symptom recurrence.', 'Each episode required intramuscular administration of epinephrine to resolve (figure 1)']","['First, continuous administration of epinephrine via intravenous pump was considered, pre-emptively treating anaphylaxis instead of waiting for symptom recurrence.', 'Each episode required intramuscular administration of epinephrine to resolve (figure 1)']"
 high probability of systemic mastocytosis,"According to the case report 'Multiphasic anaphylaxis in the emergency and intensive care setting', despite supportive findings, the workup did not fulfill formal diagnostic criteria and was summarized as","According to the case report 'Multiphasic anaphylaxis in the emergency and intensive care setting', despite supportive findings, the workup did not fulfill formal diagnostic criteria and was summarized as high probability of systemic mastocytosis",Multi-Fact Integration,"['This analysis revealed a high probability of systemic mastocytosis, which, however, did not conform to the requirements of a formal diagnosis (only two WHO minor criteria, major criteria not assessable due to limited material obtained in the bone marrow biopsy, see figure 2).', 'Tryptase levels during the third anaphylactic episode, as well as baseline tryptase levels, were increased and remained increased during follow-up via the allergologist, as shown in table 1.', 'Further relevant findings which are in line with systemic mastocytosis included hepatomegaly in abdominal sonography and possible neuropsychiatric symptoms including depression and memory problems.']","Several findings supported mastocytosis, but the formal criteria were still unmet, so the report frames it as likely rather than confirmed.","How should the workup's conclusion about mastocytosis be summarized, given supportive findings but unmet formal criteria?",high probability of systemic mastocytosis,"['This analysis revealed a high probability of systemic mastocytosis, which, however, did not conform to the requirements of a formal diagnosis (only two WHO minor criteria, major criteria not assessable due to limited material obtained in the bone marrow biopsy, see figure 2).', 'Tryptase levels during the third anaphylactic episode, as well as baseline tryptase levels, were increased and remained increased during follow-up via the allergologist, as shown in table 1.', 'Further relevant findings which are in line with systemic mastocytosis included hepatomegaly in abdominal sonography and possible neuropsychiatric symptoms including depression and memory problems.']","['This analysis revealed a high probability of systemic mastocytosis, which, however, did not conform to the requirements of a formal diagnosis (only two WHO minor criteria, major criteria not assessable due to limited material obtained in the bone marrow biopsy, see figure 2).', 'Tryptase levels during the third anaphylactic episode, as well as baseline tryptase levels, were increased and remained increased during follow-up via the allergologist, as shown in table 1.', 'Further relevant findings which are in line with systemic mastocytosis included hepatomegaly in abdominal sonography and possible neuropsychiatric symptoms including depression and memory problems.']"
 three recurrences,"According to the case report 'Multiphasic anaphylaxis in the emergency and intensive care setting', there were recurrent anaphylactic episodes after the initial ED presentation,","According to the case report 'Multiphasic anaphylaxis in the emergency and intensive care setting', there were recurrent anaphylactic episodes after the initial ED presentation, three recurrences",Reasoning Step,['Each episode required intramuscular administration of epinephrine to resolve (figure 1) with a total of four anaphylactic episodes including the primary ED presentation.'],"If there were four total episodes and one was the initial ED presentation, then three were subsequent recurrences.",How many recurrent anaphylactic episodes happened after the initial ED presentation?,three recurrences,['Each episode required intramuscular administration of epinephrine to resolve (figure 1) with a total of four anaphylactic episodes including the primary ED presentation.'],['Each episode required intramuscular administration of epinephrine to resolve (figure 1) with a total of four anaphylactic episodes including the primary ED presentation.']
 decreasing symptom intensity,"According to the case report 'Multiphasic anaphylaxis in the emergency and intensive care setting', the clinical trend that made an expectant strategy logically worth considering was","According to the case report 'Multiphasic anaphylaxis in the emergency and intensive care setting', the clinical trend that made an expectant strategy logically worth considering was decreasing symptom intensity",Synthesized Insight,"['Interestingly, the intensity of symptoms lessened with each episode of anaphylaxis, ranging from deep hypoxaemia with cyanosis, hypotension and severe dyspnoea at first to dyspnoea, recurrence of rash and pruritus during the last episode.', 'Alternatively, in light of the slowly decreasing symptom intensity, an expectant approach was considered to see if symptoms would resolve spontaneously.']",A steadily milder pattern across episodes made watchful waiting seem plausible as a possible next step.,What clinical trend made an expectant strategy logically worth considering?,decreasing symptom intensity,"['Interestingly, the intensity of symptoms lessened with each episode of anaphylaxis, ranging from deep hypoxaemia with cyanosis, hypotension and severe dyspnoea at first to dyspnoea, recurrence of rash and pruritus during the last episode.', 'Alternatively, in light of the slowly decreasing symptom intensity, an expectant approach was considered to see if symptoms would resolve spontaneously.']","['Interestingly, the intensity of symptoms lessened with each episode of anaphylaxis, ranging from deep hypoxaemia with cyanosis, hypotension and severe dyspnoea at first to dyspnoea, recurrence of rash and pruritus during the last episode.', 'Alternatively, in light of the slowly decreasing symptom intensity, an expectant approach was considered to see if symptoms would resolve spontaneously.']"
 insufficient WHO criteria,"According to the case report 'Multiphasic anaphylaxis in the emergency and intensive care setting', systemic mastocytosis was considered highly probable but was not formally diagnosed because of","According to the case report 'Multiphasic anaphylaxis in the emergency and intensive care setting', systemic mastocytosis was considered highly probable but was not formally diagnosed because of insufficient WHO criteria",Multi-Fact Integration,"['""This analysis revealed a high probability of systemic mastocytosis, which, however, did not conform to the requirements of a formal diagnosis (only two WHO minor criteria, major criteria not assessable due to limited material obtained in the bone marrow biopsy, see figure 2).""']",The report says the formal requirements were not met because only two minor criteria were present and the major criteria could not be assessed.,Why was systemic mastocytosis not formally diagnosed despite being considered highly probable?,insufficient WHO criteria,"['""This analysis revealed a high probability of systemic mastocytosis, which, however, did not conform to the requirements of a formal diagnosis (only two WHO minor criteria, major criteria not assessable due to limited material obtained in the bone marrow biopsy, see figure 2).""']","['""This analysis revealed a high probability of systemic mastocytosis, which, however, did not conform to the requirements of a formal diagnosis (only two WHO minor criteria, major criteria not assessable due to limited material obtained in the bone marrow biopsy, see figure 2).""']"
 corticosteroids,"According to the case report 'Multiphasic anaphylaxis in the emergency and intensive care setting', when interpreting why her relapses eventually stopped, the report says the added treatment that should not be assumed to have prevented biphasic recurrence was","According to the case report 'Multiphasic anaphylaxis in the emergency and intensive care setting', when interpreting why her relapses eventually stopped, the report says the added treatment that should not be assumed to have prevented biphasic recurrence was corticosteroids",Synthesized Insight,"['""Treatment was supplemented by corticosteroids after the first recurrence of anaphylaxis, due to the traditional role of corticosteroids in the prevention of biphasic anaphylaxis.""', '""A 2017 systematic review examined 22 studies with only one of these studies supporting the use of corticosteroids and 21 studies showing no evidence that corticosteroids reduce the risk of biphasic anaphylaxis.""', '""Consequently, most contemporary guidelines advise against routine corticosteroid administration""']","Because the discussion says corticosteroids lack evidence for preventing biphasic recurrence, their use in this case should not be assumed to explain why the relapses stopped.","When interpreting why her relapses eventually stopped, which added treatment does the report say should not be assumed to have prevented biphasic recurrence?",corticosteroids,"['""Treatment was supplemented by corticosteroids after the first recurrence of anaphylaxis, due to the traditional role of corticosteroids in the prevention of biphasic anaphylaxis.""', '""A 2017 systematic review examined 22 studies with only one of these studies supporting the use of corticosteroids and 21 studies showing no evidence that corticosteroids reduce the risk of biphasic anaphylaxis.""', '""Consequently, most contemporary guidelines advise against routine corticosteroid administration""']","['""Treatment was supplemented by corticosteroids after the first recurrence of anaphylaxis, due to the traditional role of corticosteroids in the prevention of biphasic anaphylaxis.""', '""A 2017 systematic review examined 22 studies with only one of these studies supporting the use of corticosteroids and 21 studies showing no evidence that corticosteroids reduce the risk of biphasic anaphylaxis.""', '""Consequently, most contemporary guidelines advise against routine corticosteroid administration""']"
 no further symptom relapse,"According to the case report 'Multiphasic anaphylaxis in the emergency and intensive care setting', a change in her course made both the IV epinephrine pump and the expectant strategy unnecessary because she had","According to the case report 'Multiphasic anaphylaxis in the emergency and intensive care setting', a change in her course made both the IV epinephrine pump and the expectant strategy unnecessary because she had no further symptom relapse",Multi-Fact Integration,"['""First, continuous administration of epinephrine via intravenous pump was considered, pre-emptively treating anaphylaxis instead of waiting for symptom recurrence.""', '""Alternatively, in light of the slowly decreasing symptom intensity, an expectant approach was considered to see if symptoms would resolve spontaneously.""', '""Ultimately, neither treatment approach was necessary as the patient did not show further symptom relapse after this point.""']",Both proposed strategies became unnecessary because the relapses stopped altogether.,What change in her course made both the IV epinephrine pump and the expectant strategy unnecessary?,no further symptom relapse,"['""First, continuous administration of epinephrine via intravenous pump was considered, pre-emptively treating anaphylaxis instead of waiting for symptom recurrence.""', '""Alternatively, in light of the slowly decreasing symptom intensity, an expectant approach was considered to see if symptoms would resolve spontaneously.""', '""Ultimately, neither treatment approach was necessary as the patient did not show further symptom relapse after this point.""']","['""First, continuous administration of epinephrine via intravenous pump was considered, pre-emptively treating anaphylaxis instead of waiting for symptom recurrence.""', '""Alternatively, in light of the slowly decreasing symptom intensity, an expectant approach was considered to see if symptoms would resolve spontaneously.""', '""Ultimately, neither treatment approach was necessary as the patient did not show further symptom relapse after this point.""']"
 less treatment delay,"According to the case report 'Multiphasic anaphylaxis in the emergency and intensive care setting', despite the lower dose, the auto-injector was preferable during her initial ED treatment because it offered","According to the case report 'Multiphasic anaphylaxis in the emergency and intensive care setting', despite the lower dose, the auto-injector was preferable during her initial ED treatment because it offered less treatment delay",Multi-Fact Integration,"['Though the dosage of the auto-injectors available at our clinic is lower than the recommended 0.5\u2009mg, the use of auto-injectors is our preferred method in time-sensitive settings (as during the initial stabilisation of a new patient on the ED) or in settings where emergency treatments, such as for anaphylaxis, are not highly routine and where hesitancy due to unfamiliar medication might otherwise delay treatment.', 'She promptly received care for a suspected severe allergic reaction, consisting of intramuscular injection of 0.3\u2009mg epinephrine via auto-injector']",The report explains that auto-injectors were preferred in urgent or unfamiliar settings because they reduce hesitation and speed treatment.,"Despite the lower dose, what practical advantage made the auto-injector preferable during her initial ED treatment?",less treatment delay,"['Though the dosage of the auto-injectors available at our clinic is lower than the recommended 0.5\u2009mg, the use of auto-injectors is our preferred method in time-sensitive settings (as during the initial stabilisation of a new patient on the ED) or in settings where emergency treatments, such as for anaphylaxis, are not highly routine and where hesitancy due to unfamiliar medication might otherwise delay treatment.', 'She promptly received care for a suspected severe allergic reaction, consisting of intramuscular injection of 0.3\u2009mg epinephrine via auto-injector']","['Though the dosage of the auto-injectors available at our clinic is lower than the recommended 0.5\u2009mg, the use of auto-injectors is our preferred method in time-sensitive settings (as during the initial stabilisation of a new patient on the ED) or in settings where emergency treatments, such as for anaphylaxis, are not highly routine and where hesitancy due to unfamiliar medication might otherwise delay treatment.', 'She promptly received care for a suspected severe allergic reaction, consisting of intramuscular injection of 0.3\u2009mg epinephrine via auto-injector']"
 the initial and 1–2-hour samples,"According to the case report 'Multiphasic anaphylaxis in the emergency and intensive care setting', during her earliest anaphylactic episodes, the recommended part of tryptase assessment that was missed was","According to the case report 'Multiphasic anaphylaxis in the emergency and intensive care setting', during her earliest anaphylactic episodes, the recommended part of tryptase assessment that was missed was the initial and 1–2-hour samples",Multi-Fact Integration,"['""Unfortunately, tryptase levels were not determined during the initial workup of the first anaphylactic episodes, meaning that the recommended intervals for tryptase level evaluation were not adhered to.""', '""An initial sample is recommended as soon as feasible without delaying treatment, followed by a second sample 1–2\u2009hours (but within 4\u2009hours) of the onset of symptoms, when tryptase levels usually peak and a third sample taken a minimum of 24 hours after full clinical resolution to establish baseline tryptase levels.""', '""In the case presented, the first tryptase sample was taken 1\u2009hour after the third anaphylactic episode and the second sample was taken 27 hours after the last recurrence of anaphylaxis.""']","Since no tryptase was drawn during the first attacks, the recommended early samples tied to symptom onset and peak were missing then.",Which recommended part of tryptase assessment was missed during her earliest anaphylactic episodes?,the initial and 1–2-hour samples,"['""Unfortunately, tryptase levels were not determined during the initial workup of the first anaphylactic episodes, meaning that the recommended intervals for tryptase level evaluation were not adhered to.""', '""An initial sample is recommended as soon as feasible without delaying treatment, followed by a second sample 1–2\u2009hours (but within 4\u2009hours) of the onset of symptoms, when tryptase levels usually peak and a third sample taken a minimum of 24 hours after full clinical resolution to establish baseline tryptase levels.""', '""In the case presented, the first tryptase sample was taken 1\u2009hour after the third anaphylactic episode and the second sample was taken 27 hours after the last recurrence of anaphylaxis.""']","['""Unfortunately, tryptase levels were not determined during the initial workup of the first anaphylactic episodes, meaning that the recommended intervals for tryptase level evaluation were not adhered to.""', '""An initial sample is recommended as soon as feasible without delaying treatment, followed by a second sample 1–2\u2009hours (but within 4\u2009hours) of the onset of symptoms, when tryptase levels usually peak and a third sample taken a minimum of 24 hours after full clinical resolution to establish baseline tryptase levels.""', '""In the case presented, the first tryptase sample was taken 1\u2009hour after the third anaphylactic episode and the second sample was taken 27 hours after the last recurrence of anaphylaxis.""']"
 1.6 mg,"According to the case report 'Multiphasic anaphylaxis in the emergency and intensive care setting', across all four anaphylactic episodes, she received a total intramuscular epinephrine dose of","According to the case report 'Multiphasic anaphylaxis in the emergency and intensive care setting', across all four anaphylactic episodes, she received a total intramuscular epinephrine dose of 1.6 mg",Multi-Fact Integration,"['""Each episode required intramuscular administration of epinephrine to resolve (figure 1) with a total of four anaphylactic episodes including the primary ED presentation.""', '""The first two epinephrine doses were administered by auto-injector containing 0.3\u2009mg epinephrine intramuscularly and the second two doses were administered by individually prepared doses of 0.5\u2009mg epinephrine intramuscularly.""']",Adding the four stated doses gives 0.3 + 0.3 + 0.5 + 0.5 mg.,"Across all four anaphylactic episodes, what total intramuscular epinephrine dose did she receive?",1.6 mg,"['""Each episode required intramuscular administration of epinephrine to resolve (figure 1) with a total of four anaphylactic episodes including the primary ED presentation.""', '""The first two epinephrine doses were administered by auto-injector containing 0.3\u2009mg epinephrine intramuscularly and the second two doses were administered by individually prepared doses of 0.5\u2009mg epinephrine intramuscularly.""']","['""Each episode required intramuscular administration of epinephrine to resolve (figure 1) with a total of four anaphylactic episodes including the primary ED presentation.""', '""The first two epinephrine doses were administered by auto-injector containing 0.3\u2009mg epinephrine intramuscularly and the second two doses were administered by individually prepared doses of 0.5\u2009mg epinephrine intramuscularly.""']"
