step,probe_index,mcqa_accuracy,predicted_idx,predicted_label,correct_idx
0,0,0.0,3,D,0
0,1,1.0,0,A,0
0,2,0.0,1,B,0
0,3,0.0,0,A,3
0,4,1.0,3,D,3
0,5,0.0,1,B,4
0,6,1.0,0,A,0
0,7,1.0,0,A,0
0,8,1.0,0,A,0
0,9,0.0,2,C,1
0,10,0.0,0,A,3
0,11,0.0,2,C,4
0,12,0.0,0,A,3
0,13,0.0,4,E,0
0,14,0.0,0,A,2
0,15,0.0,3,D,2
0,16,0.0,3,D,0
0,17,0.0,4,E,2
0,18,1.0,2,C,2
0,19,0.0,3,D,1
0,20,0.0,0,A,2
0,21,1.0,4,E,4
0,22,1.0,0,A,0
0,23,1.0,0,A,0
0,24,0.0,4,E,0
0,25,0.0,3,D,1
0,26,0.0,0,A,3
0,27,1.0,3,D,3
0,28,0.0,0,A,3
0,29,1.0,2,C,2
0,30,0.0,0,A,2
0,31,0.0,1,B,3
0,32,0.0,1,B,4
0,33,1.0,0,A,0
0,34,0.0,1,B,0
0,35,0.0,1,B,3
0,36,0.0,4,E,2
0,37,1.0,0,A,0
0,38,0.0,3,D,4
0,39,0.0,2,C,4
0,40,0.0,0,A,1
0,41,1.0,0,A,0
0,42,0.0,1,B,2
0,43,1.0,2,C,2
0,44,1.0,4,E,4
0,45,0.0,3,D,1
0,46,0.0,0,A,2
0,47,1.0,2,C,2
0,48,0.0,1,B,2
0,49,0.0,0,A,3
0,50,0.0,0,A,4
0,51,1.0,2,C,2
0,52,0.0,0,A,2
0,53,1.0,1,B,1
0,54,0.0,4,E,2
0,55,1.0,0,A,0
0,56,1.0,1,B,1
0,57,0.0,4,E,2
0,58,0.0,2,C,4
0,59,1.0,0,A,0
0,60,1.0,1,B,1
0,61,1.0,2,C,2
0,62,0.0,0,A,4
0,63,1.0,3,D,3
0,64,0.0,1,B,0
0,65,0.0,2,C,0
0,66,1.0,2,C,2
0,67,1.0,2,C,2
0,68,1.0,2,C,2
0,69,1.0,2,C,2
0,70,0.0,1,B,2
0,71,1.0,0,A,0
0,72,0.0,3,D,1
0,73,0.0,4,E,1
0,74,0.0,0,A,4
0,75,1.0,4,E,4
0,76,0.0,2,C,0
0,77,0.0,4,E,3
0,78,0.0,0,A,2
0,79,0.0,0,A,4
0,80,1.0,2,C,2
0,81,0.0,4,E,3
0,82,0.0,0,A,1
0,83,0.0,2,C,4
0,84,0.0,0,A,3
0,85,0.0,0,A,3
0,86,1.0,3,D,3
0,87,1.0,4,E,4
0,88,1.0,1,B,1
0,89,1.0,2,C,2
0,90,0.0,1,B,4
0,91,0.0,1,B,0
0,92,1.0,0,A,0
0,93,1.0,0,A,0
0,94,1.0,2,C,2
0,95,0.0,4,E,3
0,96,0.0,1,B,0
0,97,0.0,3,D,4
0,98,1.0,4,E,4
0,99,0.0,3,D,0
0,100,1.0,0,A,0
0,101,0.0,3,D,4
0,102,0.0,3,D,4
0,103,0.0,2,C,3
0,104,0.0,4,E,3
0,105,0.0,0,A,3
0,106,0.0,0,A,4
0,107,1.0,1,B,1
0,108,0.0,4,E,3
0,109,1.0,4,E,4
0,110,1.0,0,A,0
0,111,1.0,4,E,4
0,112,0.0,0,A,2
0,113,1.0,0,A,0
0,114,0.0,0,A,4
0,115,0.0,2,C,1
0,116,0.0,4,E,1
0,117,0.0,3,D,1
0,118,0.0,0,A,2
0,119,0.0,3,D,4
0,120,0.0,2,C,0
0,121,0.0,0,A,1
0,122,0.0,0,A,4
0,123,0.0,1,B,4
4,0,0.0,3,D,0
4,1,1.0,0,A,0
4,2,0.0,1,B,0
4,3,0.0,0,A,3
4,4,1.0,3,D,3
4,5,0.0,1,B,4
4,6,1.0,0,A,0
4,7,1.0,0,A,0
4,8,1.0,0,A,0
4,9,0.0,2,C,1
4,10,0.0,0,A,3
4,11,0.0,2,C,4
4,12,0.0,0,A,3
4,13,0.0,4,E,0
4,14,0.0,0,A,2
4,15,0.0,3,D,2
4,16,0.0,3,D,0
4,17,0.0,4,E,2
4,18,1.0,2,C,2
4,19,0.0,3,D,1
4,20,0.0,0,A,2
4,21,1.0,4,E,4
4,22,1.0,0,A,0
4,23,1.0,0,A,0
4,24,0.0,4,E,0
4,25,0.0,3,D,1
4,26,0.0,0,A,3
4,27,1.0,3,D,3
4,28,0.0,0,A,3
4,29,1.0,2,C,2
4,30,0.0,0,A,2
4,31,0.0,1,B,3
4,32,0.0,1,B,4
4,33,1.0,0,A,0
4,34,0.0,1,B,0
4,35,0.0,1,B,3
4,36,0.0,4,E,2
4,37,1.0,0,A,0
4,38,0.0,3,D,4
4,39,0.0,2,C,4
4,40,0.0,0,A,1
4,41,1.0,0,A,0
4,42,0.0,1,B,2
4,43,1.0,2,C,2
4,44,1.0,4,E,4
4,45,0.0,3,D,1
4,46,0.0,0,A,2
4,47,1.0,2,C,2
4,48,0.0,1,B,2
4,49,0.0,0,A,3
4,50,0.0,0,A,4
4,51,1.0,2,C,2
4,52,0.0,0,A,2
4,53,1.0,1,B,1
4,54,0.0,4,E,2
4,55,1.0,0,A,0
4,56,1.0,1,B,1
4,57,0.0,4,E,2
4,58,0.0,2,C,4
4,59,1.0,0,A,0
4,60,1.0,1,B,1
4,61,1.0,2,C,2
4,62,0.0,0,A,4
4,63,1.0,3,D,3
4,64,0.0,1,B,0
4,65,0.0,2,C,0
4,66,1.0,2,C,2
4,67,1.0,2,C,2
4,68,1.0,2,C,2
4,69,1.0,2,C,2
4,70,0.0,1,B,2
4,71,1.0,0,A,0
4,72,0.0,3,D,1
4,73,0.0,4,E,1
4,74,0.0,0,A,4
4,75,1.0,4,E,4
4,76,0.0,2,C,0
4,77,0.0,4,E,3
4,78,0.0,0,A,2
4,79,0.0,0,A,4
4,80,1.0,2,C,2
4,81,0.0,4,E,3
4,82,0.0,0,A,1
4,83,0.0,2,C,4
4,84,0.0,0,A,3
4,85,0.0,0,A,3
4,86,1.0,3,D,3
4,87,1.0,4,E,4
4,88,1.0,1,B,1
4,89,1.0,2,C,2
4,90,0.0,1,B,4
4,91,0.0,1,B,0
4,92,1.0,0,A,0
4,93,1.0,0,A,0
4,94,1.0,2,C,2
4,95,0.0,4,E,3
4,96,0.0,3,D,0
4,97,0.0,3,D,4
4,98,1.0,4,E,4
4,99,0.0,3,D,0
4,100,1.0,0,A,0
4,101,0.0,3,D,4
4,102,0.0,3,D,4
4,103,0.0,2,C,3
4,104,0.0,4,E,3
4,105,0.0,0,A,3
4,106,0.0,0,A,4
4,107,1.0,1,B,1
4,108,0.0,4,E,3
4,109,1.0,4,E,4
4,110,0.0,1,B,0
4,111,1.0,4,E,4
4,112,0.0,0,A,2
4,113,1.0,0,A,0
4,114,0.0,0,A,4
4,115,0.0,2,C,1
4,116,0.0,4,E,1
4,117,0.0,3,D,1
4,118,0.0,0,A,2
4,119,0.0,3,D,4
4,120,0.0,2,C,0
4,121,0.0,0,A,1
4,122,0.0,0,A,4
4,123,0.0,1,B,4
8,0,1.0,0,A,0
8,1,1.0,0,A,0
8,2,0.0,1,B,0
8,3,0.0,0,A,3
8,4,1.0,3,D,3
8,5,0.0,1,B,4
8,6,1.0,0,A,0
8,7,1.0,0,A,0
8,8,1.0,0,A,0
8,9,0.0,2,C,1
8,10,0.0,2,C,3
8,11,0.0,2,C,4
8,12,0.0,0,A,3
8,13,0.0,4,E,0
8,14,0.0,0,A,2
8,15,0.0,3,D,2
8,16,0.0,3,D,0
8,17,0.0,4,E,2
8,18,1.0,2,C,2
8,19,0.0,3,D,1
8,20,0.0,0,A,2
8,21,0.0,0,A,4
8,22,1.0,0,A,0
8,23,1.0,0,A,0
8,24,0.0,4,E,0
8,25,0.0,3,D,1
8,26,0.0,0,A,3
8,27,1.0,3,D,3
8,28,0.0,2,C,3
8,29,1.0,2,C,2
8,30,0.0,0,A,2
8,31,0.0,1,B,3
8,32,0.0,1,B,4
8,33,0.0,1,B,0
8,34,0.0,1,B,0
8,35,0.0,1,B,3
8,36,0.0,4,E,2
8,37,1.0,0,A,0
8,38,0.0,3,D,4
8,39,0.0,2,C,4
8,40,0.0,0,A,1
8,41,0.0,3,D,0
8,42,0.0,1,B,2
8,43,1.0,2,C,2
8,44,0.0,3,D,4
8,45,0.0,3,D,1
8,46,0.0,0,A,2
8,47,0.0,1,B,2
8,48,0.0,1,B,2
8,49,0.0,0,A,3
8,50,0.0,0,A,4
8,51,1.0,2,C,2
8,52,0.0,0,A,2
8,53,1.0,1,B,1
8,54,0.0,4,E,2
8,55,1.0,0,A,0
8,56,1.0,1,B,1
8,57,0.0,4,E,2
8,58,0.0,0,A,4
8,59,1.0,0,A,0
8,60,1.0,1,B,1
8,61,1.0,2,C,2
8,62,0.0,0,A,4
8,63,0.0,2,C,3
8,64,0.0,1,B,0
8,65,0.0,2,C,0
8,66,1.0,2,C,2
8,67,1.0,2,C,2
8,68,1.0,2,C,2
8,69,1.0,2,C,2
8,70,0.0,1,B,2
8,71,0.0,3,D,0
8,72,0.0,3,D,1
8,73,0.0,0,A,1
8,74,0.0,0,A,4
8,75,1.0,4,E,4
8,76,0.0,2,C,0
8,77,0.0,4,E,3
8,78,0.0,0,A,2
8,79,0.0,0,A,4
8,80,0.0,0,A,2
8,81,0.0,4,E,3
8,82,0.0,3,D,1
8,83,1.0,4,E,4
8,84,0.0,0,A,3
8,85,0.0,0,A,3
8,86,1.0,3,D,3
8,87,1.0,4,E,4
8,88,1.0,1,B,1
8,89,1.0,2,C,2
8,90,0.0,1,B,4
8,91,0.0,2,C,0
8,92,1.0,0,A,0
8,93,1.0,0,A,0
8,94,1.0,2,C,2
8,95,0.0,4,E,3
8,96,0.0,1,B,0
8,97,0.0,3,D,4
8,98,1.0,4,E,4
8,99,0.0,3,D,0
8,100,1.0,0,A,0
8,101,0.0,3,D,4
8,102,0.0,3,D,4
8,103,0.0,2,C,3
8,104,0.0,4,E,3
8,105,0.0,0,A,3
8,106,0.0,0,A,4
8,107,0.0,2,C,1
8,108,0.0,4,E,3
8,109,0.0,1,B,4
8,110,0.0,1,B,0
8,111,1.0,4,E,4
8,112,0.0,0,A,2
8,113,1.0,0,A,0
8,114,0.0,0,A,4
8,115,0.0,2,C,1
8,116,0.0,4,E,1
8,117,0.0,3,D,1
8,118,0.0,0,A,2
8,119,0.0,3,D,4
8,120,0.0,2,C,0
8,121,0.0,0,A,1
8,122,0.0,0,A,4
8,123,0.0,1,B,4
12,0,1.0,0,A,0
12,1,1.0,0,A,0
12,2,0.0,1,B,0
12,3,1.0,3,D,3
12,4,1.0,3,D,3
12,5,0.0,1,B,4
12,6,1.0,0,A,0
12,7,1.0,0,A,0
12,8,1.0,0,A,0
12,9,0.0,2,C,1
12,10,0.0,2,C,3
12,11,0.0,2,C,4
12,12,0.0,0,A,3
12,13,1.0,0,A,0
12,14,1.0,2,C,2
12,15,0.0,3,D,2
12,16,0.0,3,D,0
12,17,0.0,4,E,2
12,18,1.0,2,C,2
12,19,0.0,3,D,1
12,20,0.0,0,A,2
12,21,0.0,0,A,4
12,22,1.0,0,A,0
12,23,1.0,0,A,0
12,24,0.0,4,E,0
12,25,0.0,3,D,1
12,26,0.0,0,A,3
12,27,1.0,3,D,3
12,28,0.0,0,A,3
12,29,1.0,2,C,2
12,30,0.0,3,D,2
12,31,0.0,1,B,3
12,32,0.0,1,B,4
12,33,0.0,1,B,0
12,34,0.0,1,B,0
12,35,0.0,1,B,3
12,36,1.0,2,C,2
12,37,0.0,1,B,0
12,38,0.0,0,A,4
12,39,0.0,1,B,4
12,40,0.0,0,A,1
12,41,0.0,1,B,0
12,42,0.0,1,B,2
12,43,1.0,2,C,2
12,44,0.0,3,D,4
12,45,0.0,3,D,1
12,46,0.0,0,A,2
12,47,0.0,1,B,2
12,48,0.0,1,B,2
12,49,0.0,0,A,3
12,50,0.0,0,A,4
12,51,1.0,2,C,2
12,52,1.0,2,C,2
12,53,1.0,1,B,1
12,54,0.0,4,E,2
12,55,1.0,0,A,0
12,56,1.0,1,B,1
12,57,1.0,2,C,2
12,58,0.0,0,A,4
12,59,1.0,0,A,0
12,60,1.0,1,B,1
12,61,1.0,2,C,2
12,62,0.0,0,A,4
12,63,0.0,2,C,3
12,64,0.0,1,B,0
12,65,0.0,2,C,0
12,66,1.0,2,C,2
12,67,1.0,2,C,2
12,68,1.0,2,C,2
12,69,0.0,0,A,2
12,70,0.0,1,B,2
12,71,0.0,3,D,0
12,72,0.0,3,D,1
12,73,0.0,2,C,1
12,74,0.0,0,A,4
12,75,0.0,1,B,4
12,76,0.0,2,C,0
12,77,0.0,4,E,3
12,78,1.0,2,C,2
12,79,0.0,0,A,4
12,80,0.0,0,A,2
12,81,0.0,4,E,3
12,82,0.0,3,D,1
12,83,1.0,4,E,4
12,84,0.0,0,A,3
12,85,0.0,0,A,3
12,86,1.0,3,D,3
12,87,0.0,2,C,4
12,88,1.0,1,B,1
12,89,1.0,2,C,2
12,90,0.0,1,B,4
12,91,0.0,2,C,0
12,92,1.0,0,A,0
12,93,0.0,4,E,0
12,94,1.0,2,C,2
12,95,0.0,2,C,3
12,96,0.0,1,B,0
12,97,0.0,3,D,4
12,98,1.0,4,E,4
12,99,0.0,3,D,0
12,100,1.0,0,A,0
12,101,0.0,3,D,4
12,102,0.0,3,D,4
12,103,0.0,2,C,3
12,104,0.0,4,E,3
12,105,0.0,0,A,3
12,106,0.0,0,A,4
12,107,0.0,2,C,1
12,108,0.0,0,A,3
12,109,0.0,1,B,4
12,110,0.0,3,D,0
12,111,1.0,4,E,4
12,112,0.0,0,A,2
12,113,1.0,0,A,0
12,114,0.0,0,A,4
12,115,0.0,2,C,1
12,116,0.0,4,E,1
12,117,0.0,3,D,1
12,118,0.0,0,A,2
12,119,0.0,3,D,4
12,120,1.0,0,A,0
12,121,0.0,0,A,1
12,122,0.0,0,A,4
12,123,0.0,1,B,4
16,0,1.0,0,A,0
16,1,1.0,0,A,0
16,2,0.0,1,B,0
16,3,1.0,3,D,3
16,4,1.0,3,D,3
16,5,0.0,1,B,4
16,6,1.0,0,A,0
16,7,1.0,0,A,0
16,8,1.0,0,A,0
16,9,0.0,2,C,1
16,10,0.0,2,C,3
16,11,0.0,2,C,4
16,12,0.0,0,A,3
16,13,1.0,0,A,0
16,14,1.0,2,C,2
16,15,0.0,3,D,2
16,16,0.0,3,D,0
16,17,0.0,4,E,2
16,18,1.0,2,C,2
16,19,0.0,3,D,1
16,20,0.0,0,A,2
16,21,1.0,4,E,4
16,22,1.0,0,A,0
16,23,1.0,0,A,0
16,24,0.0,2,C,0
16,25,0.0,3,D,1
16,26,0.0,0,A,3
16,27,1.0,3,D,3
16,28,0.0,0,A,3
16,29,1.0,2,C,2
16,30,0.0,3,D,2
16,31,0.0,1,B,3
16,32,0.0,1,B,4
16,33,0.0,1,B,0
16,34,0.0,1,B,0
16,35,0.0,1,B,3
16,36,1.0,2,C,2
16,37,0.0,1,B,0
16,38,0.0,0,A,4
16,39,0.0,1,B,4
16,40,0.0,0,A,1
16,41,0.0,1,B,0
16,42,0.0,1,B,2
16,43,1.0,2,C,2
16,44,0.0,3,D,4
16,45,0.0,3,D,1
16,46,0.0,0,A,2
16,47,0.0,1,B,2
16,48,0.0,1,B,2
16,49,0.0,0,A,3
16,50,0.0,0,A,4
16,51,1.0,2,C,2
16,52,1.0,2,C,2
16,53,1.0,1,B,1
16,54,0.0,4,E,2
16,55,1.0,0,A,0
16,56,1.0,1,B,1
16,57,0.0,4,E,2
16,58,0.0,0,A,4
16,59,1.0,0,A,0
16,60,1.0,1,B,1
16,61,1.0,2,C,2
16,62,0.0,0,A,4
16,63,0.0,2,C,3
16,64,0.0,1,B,0
16,65,0.0,2,C,0
16,66,1.0,2,C,2
16,67,1.0,2,C,2
16,68,1.0,2,C,2
16,69,1.0,2,C,2
16,70,0.0,1,B,2
16,71,0.0,3,D,0
16,72,0.0,3,D,1
16,73,0.0,0,A,1
16,74,0.0,0,A,4
16,75,0.0,1,B,4
16,76,0.0,2,C,0
16,77,0.0,4,E,3
16,78,1.0,2,C,2
16,79,0.0,1,B,4
16,80,0.0,0,A,2
16,81,0.0,4,E,3
16,82,0.0,3,D,1
16,83,1.0,4,E,4
16,84,0.0,0,A,3
16,85,0.0,0,A,3
16,86,1.0,3,D,3
16,87,0.0,2,C,4
16,88,1.0,1,B,1
16,89,1.0,2,C,2
16,90,0.0,1,B,4
16,91,0.0,1,B,0
16,92,1.0,0,A,0
16,93,0.0,4,E,0
16,94,1.0,2,C,2
16,95,0.0,2,C,3
16,96,0.0,1,B,0
16,97,0.0,3,D,4
16,98,1.0,4,E,4
16,99,0.0,3,D,0
16,100,1.0,0,A,0
16,101,0.0,3,D,4
16,102,0.0,3,D,4
16,103,0.0,2,C,3
16,104,1.0,3,D,3
16,105,0.0,0,A,3
16,106,0.0,0,A,4
16,107,0.0,2,C,1
16,108,0.0,0,A,3
16,109,0.0,1,B,4
16,110,0.0,3,D,0
16,111,1.0,4,E,4
16,112,0.0,0,A,2
16,113,1.0,0,A,0
16,114,0.0,0,A,4
16,115,0.0,2,C,1
16,116,0.0,4,E,1
16,117,0.0,3,D,1
16,118,0.0,0,A,2
16,119,0.0,3,D,4
16,120,1.0,0,A,0
16,121,0.0,0,A,1
16,122,0.0,0,A,4
16,123,0.0,1,B,4
20,0,1.0,0,A,0
20,1,1.0,0,A,0
20,2,0.0,1,B,0
20,3,1.0,3,D,3
20,4,1.0,3,D,3
20,5,0.0,1,B,4
20,6,1.0,0,A,0
20,7,1.0,0,A,0
20,8,1.0,0,A,0
20,9,0.0,2,C,1
20,10,0.0,1,B,3
20,11,0.0,2,C,4
20,12,0.0,0,A,3
20,13,1.0,0,A,0
20,14,1.0,2,C,2
20,15,0.0,3,D,2
20,16,0.0,3,D,0
20,17,0.0,4,E,2
20,18,1.0,2,C,2
20,19,0.0,3,D,1
20,20,0.0,0,A,2
20,21,1.0,4,E,4
20,22,1.0,0,A,0
20,23,1.0,0,A,0
20,24,0.0,4,E,0
20,25,0.0,3,D,1
20,26,0.0,0,A,3
20,27,1.0,3,D,3
20,28,0.0,0,A,3
20,29,1.0,2,C,2
20,30,0.0,3,D,2
20,31,0.0,1,B,3
20,32,0.0,1,B,4
20,33,0.0,1,B,0
20,34,0.0,1,B,0
20,35,0.0,1,B,3
20,36,1.0,2,C,2
20,37,0.0,1,B,0
20,38,0.0,0,A,4
20,39,0.0,1,B,4
20,40,0.0,0,A,1
20,41,0.0,1,B,0
20,42,0.0,1,B,2
20,43,1.0,2,C,2
20,44,0.0,3,D,4
20,45,0.0,3,D,1
20,46,0.0,0,A,2
20,47,0.0,1,B,2
20,48,0.0,1,B,2
20,49,0.0,0,A,3
20,50,0.0,0,A,4
20,51,1.0,2,C,2
20,52,1.0,2,C,2
20,53,1.0,1,B,1
20,54,0.0,4,E,2
20,55,1.0,0,A,0
20,56,1.0,1,B,1
20,57,0.0,4,E,2
20,58,0.0,0,A,4
20,59,1.0,0,A,0
20,60,1.0,1,B,1
20,61,0.0,0,A,2
20,62,0.0,0,A,4
20,63,0.0,2,C,3
20,64,0.0,1,B,0
20,65,0.0,2,C,0
20,66,1.0,2,C,2
20,67,1.0,2,C,2
20,68,1.0,2,C,2
20,69,1.0,2,C,2
20,70,0.0,1,B,2
20,71,0.0,3,D,0
20,72,0.0,3,D,1
20,73,0.0,0,A,1
20,74,0.0,0,A,4
20,75,0.0,1,B,4
20,76,0.0,2,C,0
20,77,0.0,4,E,3
20,78,0.0,1,B,2
20,79,0.0,1,B,4
20,80,0.0,0,A,2
20,81,0.0,4,E,3
20,82,0.0,3,D,1
20,83,1.0,4,E,4
20,84,0.0,0,A,3
20,85,0.0,0,A,3
20,86,1.0,3,D,3
20,87,0.0,2,C,4
20,88,1.0,1,B,1
20,89,1.0,2,C,2
20,90,0.0,1,B,4
20,91,0.0,1,B,0
20,92,1.0,0,A,0
20,93,0.0,4,E,0
20,94,1.0,2,C,2
20,95,0.0,2,C,3
20,96,0.0,1,B,0
20,97,0.0,3,D,4
20,98,1.0,4,E,4
20,99,0.0,3,D,0
20,100,1.0,0,A,0
20,101,0.0,3,D,4
20,102,0.0,3,D,4
20,103,0.0,2,C,3
20,104,1.0,3,D,3
20,105,0.0,0,A,3
20,106,0.0,0,A,4
20,107,0.0,2,C,1
20,108,0.0,0,A,3
20,109,0.0,1,B,4
20,110,0.0,1,B,0
20,111,1.0,4,E,4
20,112,0.0,0,A,2
20,113,1.0,0,A,0
20,114,0.0,0,A,4
20,115,0.0,2,C,1
20,116,0.0,4,E,1
20,117,0.0,3,D,1
20,118,0.0,0,A,2
20,119,0.0,3,D,4
20,120,1.0,0,A,0
20,121,1.0,1,B,1
20,122,0.0,0,A,4
20,123,0.0,1,B,4
24,0,1.0,0,A,0
24,1,1.0,0,A,0
24,2,0.0,1,B,0
24,3,1.0,3,D,3
24,4,1.0,3,D,3
24,5,0.0,1,B,4
24,6,1.0,0,A,0
24,7,1.0,0,A,0
24,8,1.0,0,A,0
24,9,0.0,2,C,1
24,10,0.0,1,B,3
24,11,0.0,2,C,4
24,12,0.0,0,A,3
24,13,1.0,0,A,0
24,14,1.0,2,C,2
24,15,0.0,3,D,2
24,16,0.0,3,D,0
24,17,0.0,4,E,2
24,18,1.0,2,C,2
24,19,0.0,3,D,1
24,20,0.0,0,A,2
24,21,1.0,4,E,4
24,22,1.0,0,A,0
24,23,1.0,0,A,0
24,24,0.0,4,E,0
24,25,0.0,3,D,1
24,26,0.0,0,A,3
24,27,1.0,3,D,3
24,28,0.0,0,A,3
24,29,1.0,2,C,2
24,30,0.0,0,A,2
24,31,0.0,1,B,3
24,32,0.0,1,B,4
24,33,0.0,1,B,0
24,34,0.0,1,B,0
24,35,0.0,1,B,3
24,36,1.0,2,C,2
24,37,0.0,1,B,0
24,38,0.0,0,A,4
24,39,0.0,1,B,4
24,40,0.0,0,A,1
24,41,0.0,1,B,0
24,42,0.0,1,B,2
24,43,1.0,2,C,2
24,44,0.0,3,D,4
24,45,0.0,3,D,1
24,46,0.0,0,A,2
24,47,0.0,1,B,2
24,48,0.0,1,B,2
24,49,0.0,0,A,3
24,50,0.0,0,A,4
24,51,1.0,2,C,2
24,52,1.0,2,C,2
24,53,1.0,1,B,1
24,54,0.0,4,E,2
24,55,1.0,0,A,0
24,56,1.0,1,B,1
24,57,0.0,4,E,2
24,58,0.0,2,C,4
24,59,1.0,0,A,0
24,60,1.0,1,B,1
24,61,0.0,0,A,2
24,62,0.0,0,A,4
24,63,0.0,2,C,3
24,64,0.0,1,B,0
24,65,0.0,2,C,0
24,66,1.0,2,C,2
24,67,1.0,2,C,2
24,68,1.0,2,C,2
24,69,0.0,0,A,2
24,70,0.0,1,B,2
24,71,0.0,3,D,0
24,72,0.0,3,D,1
24,73,0.0,0,A,1
24,74,0.0,0,A,4
24,75,0.0,1,B,4
24,76,0.0,2,C,0
24,77,0.0,4,E,3
24,78,0.0,1,B,2
24,79,0.0,1,B,4
24,80,0.0,0,A,2
24,81,0.0,4,E,3
24,82,0.0,3,D,1
24,83,1.0,4,E,4
24,84,0.0,0,A,3
24,85,0.0,0,A,3
24,86,0.0,2,C,3
24,87,1.0,4,E,4
24,88,1.0,1,B,1
24,89,1.0,2,C,2
24,90,0.0,1,B,4
24,91,0.0,1,B,0
24,92,1.0,0,A,0
24,93,0.0,4,E,0
24,94,1.0,2,C,2
24,95,0.0,2,C,3
24,96,1.0,0,A,0
24,97,0.0,3,D,4
24,98,1.0,4,E,4
24,99,0.0,3,D,0
24,100,1.0,0,A,0
24,101,0.0,3,D,4
24,102,0.0,3,D,4
24,103,0.0,2,C,3
24,104,1.0,3,D,3
24,105,0.0,0,A,3
24,106,0.0,0,A,4
24,107,0.0,2,C,1
24,108,0.0,0,A,3
24,109,0.0,1,B,4
24,110,0.0,1,B,0
24,111,1.0,4,E,4
24,112,0.0,0,A,2
24,113,1.0,0,A,0
24,114,0.0,0,A,4
24,115,0.0,2,C,1
24,116,0.0,4,E,1
24,117,0.0,3,D,1
24,118,0.0,0,A,2
24,119,0.0,3,D,4
24,120,1.0,0,A,0
24,121,1.0,1,B,1
24,122,0.0,0,A,4
24,123,0.0,1,B,4
28,0,1.0,0,A,0
28,1,1.0,0,A,0
28,2,0.0,1,B,0
28,3,1.0,3,D,3
28,4,1.0,3,D,3
28,5,0.0,1,B,4
28,6,1.0,0,A,0
28,7,1.0,0,A,0
28,8,1.0,0,A,0
28,9,0.0,2,C,1
28,10,0.0,1,B,3
28,11,0.0,2,C,4
28,12,0.0,0,A,3
28,13,1.0,0,A,0
28,14,1.0,2,C,2
28,15,0.0,3,D,2
28,16,0.0,3,D,0
28,17,0.0,4,E,2
28,18,1.0,2,C,2
28,19,0.0,3,D,1
28,20,0.0,0,A,2
28,21,1.0,4,E,4
28,22,1.0,0,A,0
28,23,1.0,0,A,0
28,24,0.0,4,E,0
28,25,0.0,3,D,1
28,26,0.0,0,A,3
28,27,1.0,3,D,3
28,28,0.0,2,C,3
28,29,1.0,2,C,2
28,30,0.0,0,A,2
28,31,0.0,1,B,3
28,32,0.0,1,B,4
28,33,0.0,1,B,0
28,34,0.0,1,B,0
28,35,0.0,1,B,3
28,36,1.0,2,C,2
28,37,0.0,1,B,0
28,38,0.0,1,B,4
28,39,0.0,1,B,4
28,40,1.0,1,B,1
28,41,0.0,1,B,0
28,42,0.0,1,B,2
28,43,1.0,2,C,2
28,44,0.0,3,D,4
28,45,0.0,3,D,1
28,46,0.0,0,A,2
28,47,0.0,1,B,2
28,48,0.0,1,B,2
28,49,0.0,0,A,3
28,50,0.0,0,A,4
28,51,1.0,2,C,2
28,52,1.0,2,C,2
28,53,1.0,1,B,1
28,54,0.0,4,E,2
28,55,1.0,0,A,0
28,56,1.0,1,B,1
28,57,0.0,4,E,2
28,58,0.0,2,C,4
28,59,1.0,0,A,0
28,60,1.0,1,B,1
28,61,0.0,0,A,2
28,62,0.0,0,A,4
28,63,0.0,2,C,3
28,64,0.0,1,B,0
28,65,0.0,2,C,0
28,66,1.0,2,C,2
28,67,1.0,2,C,2
28,68,1.0,2,C,2
28,69,0.0,0,A,2
28,70,0.0,1,B,2
28,71,0.0,3,D,0
28,72,0.0,3,D,1
28,73,0.0,0,A,1
28,74,0.0,0,A,4
28,75,0.0,1,B,4
28,76,0.0,2,C,0
28,77,0.0,4,E,3
28,78,0.0,1,B,2
28,79,0.0,1,B,4
28,80,0.0,0,A,2
28,81,0.0,4,E,3
28,82,0.0,3,D,1
28,83,1.0,4,E,4
28,84,0.0,1,B,3
28,85,0.0,0,A,3
28,86,0.0,2,C,3
28,87,1.0,4,E,4
28,88,1.0,1,B,1
28,89,1.0,2,C,2
28,90,0.0,1,B,4
28,91,0.0,1,B,0
28,92,1.0,0,A,0
28,93,0.0,4,E,0
28,94,1.0,2,C,2
28,95,0.0,2,C,3
28,96,1.0,0,A,0
28,97,0.0,3,D,4
28,98,1.0,4,E,4
28,99,0.0,3,D,0
28,100,1.0,0,A,0
28,101,0.0,3,D,4
28,102,0.0,3,D,4
28,103,0.0,2,C,3
28,104,1.0,3,D,3
28,105,0.0,0,A,3
28,106,0.0,0,A,4
28,107,0.0,2,C,1
28,108,0.0,0,A,3
28,109,0.0,1,B,4
28,110,0.0,1,B,0
28,111,1.0,4,E,4
28,112,0.0,0,A,2
28,113,1.0,0,A,0
28,114,0.0,0,A,4
28,115,0.0,2,C,1
28,116,0.0,4,E,1
28,117,0.0,3,D,1
28,118,0.0,0,A,2
28,119,0.0,3,D,4
28,120,1.0,0,A,0
28,121,1.0,1,B,1
28,122,0.0,0,A,4
28,123,0.0,1,B,4
32,0,1.0,0,A,0
32,1,1.0,0,A,0
32,2,0.0,1,B,0
32,3,1.0,3,D,3
32,4,1.0,3,D,3
32,5,0.0,1,B,4
32,6,1.0,0,A,0
32,7,1.0,0,A,0
32,8,1.0,0,A,0
32,9,0.0,2,C,1
32,10,0.0,1,B,3
32,11,0.0,2,C,4
32,12,0.0,0,A,3
32,13,1.0,0,A,0
32,14,1.0,2,C,2
32,15,0.0,3,D,2
32,16,0.0,3,D,0
32,17,0.0,4,E,2
32,18,1.0,2,C,2
32,19,0.0,3,D,1
32,20,0.0,0,A,2
32,21,1.0,4,E,4
32,22,1.0,0,A,0
32,23,1.0,0,A,0
32,24,0.0,4,E,0
32,25,0.0,3,D,1
32,26,0.0,0,A,3
32,27,1.0,3,D,3
32,28,0.0,2,C,3
32,29,1.0,2,C,2
32,30,0.0,0,A,2
32,31,0.0,1,B,3
32,32,0.0,1,B,4
32,33,0.0,1,B,0
32,34,0.0,1,B,0
32,35,0.0,1,B,3
32,36,1.0,2,C,2
32,37,1.0,0,A,0
32,38,0.0,1,B,4
32,39,0.0,1,B,4
32,40,1.0,1,B,1
32,41,0.0,1,B,0
32,42,0.0,1,B,2
32,43,1.0,2,C,2
32,44,0.0,3,D,4
32,45,0.0,3,D,1
32,46,1.0,2,C,2
32,47,0.0,1,B,2
32,48,0.0,1,B,2
32,49,0.0,0,A,3
32,50,0.0,0,A,4
32,51,1.0,2,C,2
32,52,1.0,2,C,2
32,53,1.0,1,B,1
32,54,0.0,4,E,2
32,55,1.0,0,A,0
32,56,1.0,1,B,1
32,57,0.0,4,E,2
32,58,0.0,2,C,4
32,59,1.0,0,A,0
32,60,1.0,1,B,1
32,61,0.0,0,A,2
32,62,0.0,0,A,4
32,63,0.0,2,C,3
32,64,0.0,1,B,0
32,65,0.0,2,C,0
32,66,1.0,2,C,2
32,67,1.0,2,C,2
32,68,1.0,2,C,2
32,69,0.0,0,A,2
32,70,0.0,1,B,2
32,71,0.0,3,D,0
32,72,0.0,3,D,1
32,73,0.0,0,A,1
32,74,0.0,0,A,4
32,75,0.0,1,B,4
32,76,0.0,2,C,0
32,77,0.0,4,E,3
32,78,0.0,1,B,2
32,79,0.0,1,B,4
32,80,0.0,4,E,2
32,81,0.0,4,E,3
32,82,0.0,3,D,1
32,83,1.0,4,E,4
32,84,0.0,0,A,3
32,85,0.0,0,A,3
32,86,0.0,2,C,3
32,87,1.0,4,E,4
32,88,1.0,1,B,1
32,89,1.0,2,C,2
32,90,0.0,1,B,4
32,91,0.0,1,B,0
32,92,1.0,0,A,0
32,93,0.0,4,E,0
32,94,1.0,2,C,2
32,95,0.0,2,C,3
32,96,1.0,0,A,0
32,97,0.0,3,D,4
32,98,1.0,4,E,4
32,99,0.0,3,D,0
32,100,1.0,0,A,0
32,101,0.0,3,D,4
32,102,0.0,3,D,4
32,103,0.0,2,C,3
32,104,1.0,3,D,3
32,105,0.0,0,A,3
32,106,0.0,0,A,4
32,107,0.0,2,C,1
32,108,0.0,0,A,3
32,109,0.0,1,B,4
32,110,0.0,1,B,0
32,111,1.0,4,E,4
32,112,0.0,0,A,2
32,113,1.0,0,A,0
32,114,0.0,0,A,4
32,115,0.0,2,C,1
32,116,0.0,4,E,1
32,117,0.0,3,D,1
32,118,0.0,0,A,2
32,119,0.0,3,D,4
32,120,1.0,0,A,0
32,121,1.0,1,B,1
32,122,0.0,1,B,4
32,123,0.0,1,B,4
36,0,1.0,0,A,0
36,1,1.0,0,A,0
36,2,1.0,0,A,0
36,3,1.0,3,D,3
36,4,1.0,3,D,3
36,5,0.0,1,B,4
36,6,1.0,0,A,0
36,7,1.0,0,A,0
36,8,1.0,0,A,0
36,9,0.0,2,C,1
36,10,0.0,1,B,3
36,11,0.0,2,C,4
36,12,0.0,4,E,3
36,13,1.0,0,A,0
36,14,1.0,2,C,2
36,15,0.0,3,D,2
36,16,0.0,3,D,0
36,17,0.0,4,E,2
36,18,1.0,2,C,2
36,19,0.0,3,D,1
36,20,1.0,2,C,2
36,21,0.0,2,C,4
36,22,1.0,0,A,0
36,23,1.0,0,A,0
36,24,0.0,4,E,0
36,25,0.0,3,D,1
36,26,0.0,0,A,3
36,27,1.0,3,D,3
36,28,0.0,2,C,3
36,29,1.0,2,C,2
36,30,0.0,0,A,2
36,31,0.0,1,B,3
36,32,0.0,1,B,4
36,33,0.0,1,B,0
36,34,0.0,1,B,0
36,35,0.0,1,B,3
36,36,1.0,2,C,2
36,37,1.0,0,A,0
36,38,0.0,1,B,4
36,39,0.0,1,B,4
36,40,1.0,1,B,1
36,41,0.0,1,B,0
36,42,1.0,2,C,2
36,43,1.0,2,C,2
36,44,0.0,3,D,4
36,45,0.0,3,D,1
36,46,1.0,2,C,2
36,47,0.0,1,B,2
36,48,0.0,1,B,2
36,49,0.0,0,A,3
36,50,0.0,0,A,4
36,51,1.0,2,C,2
36,52,1.0,2,C,2
36,53,1.0,1,B,1
36,54,0.0,4,E,2
36,55,1.0,0,A,0
36,56,1.0,1,B,1
36,57,0.0,4,E,2
36,58,0.0,2,C,4
36,59,1.0,0,A,0
36,60,1.0,1,B,1
36,61,0.0,0,A,2
36,62,0.0,0,A,4
36,63,0.0,2,C,3
36,64,0.0,1,B,0
36,65,0.0,2,C,0
36,66,1.0,2,C,2
36,67,1.0,2,C,2
36,68,1.0,2,C,2
36,69,1.0,2,C,2
36,70,0.0,1,B,2
36,71,0.0,3,D,0
36,72,0.0,3,D,1
36,73,0.0,4,E,1
36,74,0.0,0,A,4
36,75,0.0,1,B,4
36,76,0.0,2,C,0
36,77,0.0,4,E,3
36,78,1.0,2,C,2
36,79,0.0,1,B,4
36,80,0.0,4,E,2
36,81,0.0,4,E,3
36,82,0.0,3,D,1
36,83,1.0,4,E,4
36,84,0.0,0,A,3
36,85,0.0,0,A,3
36,86,0.0,2,C,3
36,87,1.0,4,E,4
36,88,0.0,0,A,1
36,89,1.0,2,C,2
36,90,0.0,1,B,4
36,91,0.0,1,B,0
36,92,1.0,0,A,0
36,93,0.0,4,E,0
36,94,1.0,2,C,2
36,95,0.0,2,C,3
36,96,1.0,0,A,0
36,97,0.0,3,D,4
36,98,1.0,4,E,4
36,99,0.0,3,D,0
36,100,1.0,0,A,0
36,101,0.0,3,D,4
36,102,0.0,3,D,4
36,103,0.0,2,C,3
36,104,1.0,3,D,3
36,105,0.0,0,A,3
36,106,0.0,0,A,4
36,107,0.0,2,C,1
36,108,0.0,0,A,3
36,109,0.0,1,B,4
36,110,0.0,1,B,0
36,111,1.0,4,E,4
36,112,0.0,0,A,2
36,113,1.0,0,A,0
36,114,0.0,0,A,4
36,115,0.0,2,C,1
36,116,0.0,4,E,1
36,117,0.0,3,D,1
36,118,0.0,0,A,2
36,119,0.0,3,D,4
36,120,1.0,0,A,0
36,121,1.0,1,B,1
36,122,0.0,2,C,4
36,123,0.0,1,B,4
40,0,1.0,0,A,0
40,1,1.0,0,A,0
40,2,0.0,1,B,0
40,3,1.0,3,D,3
40,4,1.0,3,D,3
40,5,0.0,1,B,4
40,6,1.0,0,A,0
40,7,1.0,0,A,0
40,8,1.0,0,A,0
40,9,0.0,2,C,1
40,10,0.0,1,B,3
40,11,0.0,2,C,4
40,12,0.0,4,E,3
40,13,1.0,0,A,0
40,14,1.0,2,C,2
40,15,0.0,3,D,2
40,16,0.0,3,D,0
40,17,0.0,4,E,2
40,18,1.0,2,C,2
40,19,0.0,3,D,1
40,20,0.0,4,E,2
40,21,0.0,2,C,4
40,22,1.0,0,A,0
40,23,1.0,0,A,0
40,24,0.0,4,E,0
40,25,0.0,3,D,1
40,26,0.0,0,A,3
40,27,1.0,3,D,3
40,28,0.0,2,C,3
40,29,1.0,2,C,2
40,30,0.0,0,A,2
40,31,0.0,1,B,3
40,32,0.0,1,B,4
40,33,0.0,1,B,0
40,34,0.0,1,B,0
40,35,0.0,1,B,3
40,36,1.0,2,C,2
40,37,1.0,0,A,0
40,38,0.0,1,B,4
40,39,0.0,1,B,4
40,40,1.0,1,B,1
40,41,0.0,1,B,0
40,42,1.0,2,C,2
40,43,1.0,2,C,2
40,44,0.0,3,D,4
40,45,0.0,3,D,1
40,46,1.0,2,C,2
40,47,0.0,1,B,2
40,48,0.0,1,B,2
40,49,0.0,0,A,3
40,50,0.0,0,A,4
40,51,1.0,2,C,2
40,52,1.0,2,C,2
40,53,1.0,1,B,1
40,54,0.0,4,E,2
40,55,1.0,0,A,0
40,56,1.0,1,B,1
40,57,0.0,4,E,2
40,58,0.0,2,C,4
40,59,1.0,0,A,0
40,60,1.0,1,B,1
40,61,0.0,0,A,2
40,62,0.0,0,A,4
40,63,0.0,2,C,3
40,64,0.0,1,B,0
40,65,0.0,2,C,0
40,66,1.0,2,C,2
40,67,1.0,2,C,2
40,68,1.0,2,C,2
40,69,1.0,2,C,2
40,70,0.0,1,B,2
40,71,0.0,3,D,0
40,72,0.0,3,D,1
40,73,0.0,4,E,1
40,74,0.0,0,A,4
40,75,0.0,1,B,4
40,76,0.0,2,C,0
40,77,0.0,4,E,3
40,78,1.0,2,C,2
40,79,0.0,1,B,4
40,80,0.0,4,E,2
40,81,0.0,4,E,3
40,82,0.0,3,D,1
40,83,1.0,4,E,4
40,84,0.0,0,A,3
40,85,0.0,0,A,3
40,86,0.0,2,C,3
40,87,1.0,4,E,4
40,88,0.0,0,A,1
40,89,1.0,2,C,2
40,90,0.0,1,B,4
40,91,0.0,1,B,0
40,92,1.0,0,A,0
40,93,0.0,4,E,0
40,94,1.0,2,C,2
40,95,0.0,2,C,3
40,96,1.0,0,A,0
40,97,0.0,3,D,4
40,98,1.0,4,E,4
40,99,0.0,3,D,0
40,100,1.0,0,A,0
40,101,0.0,3,D,4
40,102,0.0,3,D,4
40,103,0.0,2,C,3
40,104,1.0,3,D,3
40,105,0.0,0,A,3
40,106,0.0,0,A,4
40,107,0.0,2,C,1
40,108,0.0,0,A,3
40,109,0.0,1,B,4
40,110,0.0,1,B,0
40,111,1.0,4,E,4
40,112,0.0,0,A,2
40,113,1.0,0,A,0
40,114,0.0,0,A,4
40,115,0.0,2,C,1
40,116,0.0,4,E,1
40,117,0.0,3,D,1
40,118,0.0,0,A,2
40,119,0.0,3,D,4
40,120,1.0,0,A,0
40,121,1.0,1,B,1
40,122,0.0,2,C,4
40,123,0.0,1,B,4
44,0,1.0,0,A,0
44,1,1.0,0,A,0
44,2,1.0,0,A,0
44,3,1.0,3,D,3
44,4,1.0,3,D,3
44,5,0.0,1,B,4
44,6,1.0,0,A,0
44,7,1.0,0,A,0
44,8,1.0,0,A,0
44,9,0.0,2,C,1
44,10,0.0,1,B,3
44,11,0.0,2,C,4
44,12,0.0,4,E,3
44,13,1.0,0,A,0
44,14,1.0,2,C,2
44,15,0.0,3,D,2
44,16,0.0,3,D,0
44,17,0.0,4,E,2
44,18,1.0,2,C,2
44,19,0.0,3,D,1
44,20,1.0,2,C,2
44,21,0.0,2,C,4
44,22,1.0,0,A,0
44,23,1.0,0,A,0
44,24,0.0,4,E,0
44,25,0.0,3,D,1
44,26,0.0,0,A,3
44,27,1.0,3,D,3
44,28,0.0,2,C,3
44,29,1.0,2,C,2
44,30,0.0,0,A,2
44,31,0.0,1,B,3
44,32,0.0,1,B,4
44,33,0.0,1,B,0
44,34,0.0,1,B,0
44,35,0.0,1,B,3
44,36,1.0,2,C,2
44,37,1.0,0,A,0
44,38,0.0,1,B,4
44,39,0.0,1,B,4
44,40,1.0,1,B,1
44,41,0.0,1,B,0
44,42,1.0,2,C,2
44,43,1.0,2,C,2
44,44,0.0,3,D,4
44,45,0.0,3,D,1
44,46,1.0,2,C,2
44,47,0.0,1,B,2
44,48,0.0,1,B,2
44,49,0.0,0,A,3
44,50,0.0,0,A,4
44,51,1.0,2,C,2
44,52,1.0,2,C,2
44,53,1.0,1,B,1
44,54,0.0,4,E,2
44,55,1.0,0,A,0
44,56,1.0,1,B,1
44,57,0.0,4,E,2
44,58,0.0,2,C,4
44,59,1.0,0,A,0
44,60,1.0,1,B,1
44,61,0.0,0,A,2
44,62,0.0,0,A,4
44,63,0.0,2,C,3
44,64,0.0,1,B,0
44,65,0.0,2,C,0
44,66,1.0,2,C,2
44,67,1.0,2,C,2
44,68,1.0,2,C,2
44,69,0.0,0,A,2
44,70,0.0,1,B,2
44,71,0.0,3,D,0
44,72,0.0,3,D,1
44,73,0.0,4,E,1
44,74,0.0,0,A,4
44,75,0.0,1,B,4
44,76,0.0,2,C,0
44,77,0.0,4,E,3
44,78,1.0,2,C,2
44,79,0.0,1,B,4
44,80,0.0,4,E,2
44,81,0.0,4,E,3
44,82,0.0,3,D,1
44,83,1.0,4,E,4
44,84,0.0,0,A,3
44,85,0.0,0,A,3
44,86,0.0,2,C,3
44,87,1.0,4,E,4
44,88,0.0,0,A,1
44,89,1.0,2,C,2
44,90,0.0,1,B,4
44,91,0.0,1,B,0
44,92,1.0,0,A,0
44,93,0.0,4,E,0
44,94,1.0,2,C,2
44,95,0.0,2,C,3
44,96,1.0,0,A,0
44,97,0.0,3,D,4
44,98,1.0,4,E,4
44,99,0.0,3,D,0
44,100,1.0,0,A,0
44,101,0.0,3,D,4
44,102,0.0,3,D,4
44,103,0.0,2,C,3
44,104,1.0,3,D,3
44,105,0.0,0,A,3
44,106,0.0,0,A,4
44,107,0.0,2,C,1
44,108,0.0,0,A,3
44,109,0.0,1,B,4
44,110,0.0,1,B,0
44,111,1.0,4,E,4
44,112,0.0,0,A,2
44,113,1.0,0,A,0
44,114,0.0,0,A,4
44,115,0.0,2,C,1
44,116,0.0,4,E,1
44,117,0.0,3,D,1
44,118,0.0,0,A,2
44,119,0.0,3,D,4
44,120,1.0,0,A,0
44,121,0.0,2,C,1
44,122,0.0,2,C,4
44,123,0.0,1,B,4
48,0,1.0,0,A,0
48,1,1.0,0,A,0
48,2,1.0,0,A,0
48,3,1.0,3,D,3
48,4,1.0,3,D,3
48,5,0.0,1,B,4
48,6,1.0,0,A,0
48,7,1.0,0,A,0
48,8,1.0,0,A,0
48,9,0.0,2,C,1
48,10,0.0,1,B,3
48,11,0.0,2,C,4
48,12,0.0,4,E,3
48,13,1.0,0,A,0
48,14,1.0,2,C,2
48,15,0.0,3,D,2
48,16,0.0,3,D,0
48,17,0.0,4,E,2
48,18,1.0,2,C,2
48,19,0.0,3,D,1
48,20,1.0,2,C,2
48,21,0.0,2,C,4
48,22,1.0,0,A,0
48,23,1.0,0,A,0
48,24,0.0,4,E,0
48,25,0.0,3,D,1
48,26,0.0,0,A,3
48,27,1.0,3,D,3
48,28,0.0,2,C,3
48,29,1.0,2,C,2
48,30,0.0,0,A,2
48,31,0.0,1,B,3
48,32,0.0,1,B,4
48,33,0.0,1,B,0
48,34,0.0,1,B,0
48,35,0.0,1,B,3
48,36,1.0,2,C,2
48,37,1.0,0,A,0
48,38,0.0,1,B,4
48,39,0.0,1,B,4
48,40,1.0,1,B,1
48,41,0.0,1,B,0
48,42,1.0,2,C,2
48,43,1.0,2,C,2
48,44,0.0,3,D,4
48,45,0.0,3,D,1
48,46,1.0,2,C,2
48,47,0.0,1,B,2
48,48,0.0,1,B,2
48,49,0.0,0,A,3
48,50,0.0,0,A,4
48,51,1.0,2,C,2
48,52,1.0,2,C,2
48,53,1.0,1,B,1
48,54,0.0,4,E,2
48,55,1.0,0,A,0
48,56,1.0,1,B,1
48,57,0.0,4,E,2
48,58,0.0,2,C,4
48,59,1.0,0,A,0
48,60,1.0,1,B,1
48,61,0.0,0,A,2
48,62,0.0,0,A,4
48,63,0.0,2,C,3
48,64,0.0,1,B,0
48,65,0.0,2,C,0
48,66,1.0,2,C,2
48,67,1.0,2,C,2
48,68,1.0,2,C,2
48,69,0.0,0,A,2
48,70,0.0,1,B,2
48,71,0.0,3,D,0
48,72,0.0,3,D,1
48,73,0.0,4,E,1
48,74,0.0,0,A,4
48,75,0.0,1,B,4
48,76,0.0,2,C,0
48,77,0.0,4,E,3
48,78,1.0,2,C,2
48,79,0.0,1,B,4
48,80,0.0,4,E,2
48,81,0.0,4,E,3
48,82,0.0,3,D,1
48,83,1.0,4,E,4
48,84,0.0,0,A,3
48,85,0.0,0,A,3
48,86,0.0,2,C,3
48,87,1.0,4,E,4
48,88,0.0,0,A,1
48,89,1.0,2,C,2
48,90,0.0,1,B,4
48,91,0.0,2,C,0
48,92,1.0,0,A,0
48,93,0.0,4,E,0
48,94,1.0,2,C,2
48,95,0.0,2,C,3
48,96,1.0,0,A,0
48,97,0.0,3,D,4
48,98,1.0,4,E,4
48,99,0.0,3,D,0
48,100,1.0,0,A,0
48,101,0.0,3,D,4
48,102,0.0,3,D,4
48,103,0.0,2,C,3
48,104,1.0,3,D,3
48,105,0.0,0,A,3
48,106,0.0,0,A,4
48,107,0.0,2,C,1
48,108,0.0,1,B,3
48,109,0.0,1,B,4
48,110,0.0,1,B,0
48,111,1.0,4,E,4
48,112,0.0,0,A,2
48,113,1.0,0,A,0
48,114,0.0,0,A,4
48,115,0.0,2,C,1
48,116,0.0,4,E,1
48,117,0.0,3,D,1
48,118,0.0,0,A,2
48,119,0.0,3,D,4
48,120,1.0,0,A,0
48,121,0.0,2,C,1
48,122,0.0,2,C,4
48,123,0.0,1,B,4
52,0,1.0,0,A,0
52,1,1.0,0,A,0
52,2,1.0,0,A,0
52,3,1.0,3,D,3
52,4,1.0,3,D,3
52,5,0.0,1,B,4
52,6,1.0,0,A,0
52,7,1.0,0,A,0
52,8,1.0,0,A,0
52,9,0.0,2,C,1
52,10,0.0,1,B,3
52,11,0.0,2,C,4
52,12,0.0,4,E,3
52,13,1.0,0,A,0
52,14,1.0,2,C,2
52,15,0.0,3,D,2
52,16,0.0,3,D,0
52,17,0.0,4,E,2
52,18,1.0,2,C,2
52,19,0.0,3,D,1
52,20,0.0,4,E,2
52,21,0.0,2,C,4
52,22,1.0,0,A,0
52,23,1.0,0,A,0
52,24,0.0,4,E,0
52,25,0.0,3,D,1
52,26,0.0,0,A,3
52,27,1.0,3,D,3
52,28,0.0,2,C,3
52,29,1.0,2,C,2
52,30,0.0,0,A,2
52,31,0.0,1,B,3
52,32,0.0,3,D,4
52,33,0.0,1,B,0
52,34,0.0,1,B,0
52,35,0.0,1,B,3
52,36,1.0,2,C,2
52,37,1.0,0,A,0
52,38,0.0,1,B,4
52,39,0.0,1,B,4
52,40,1.0,1,B,1
52,41,0.0,1,B,0
52,42,1.0,2,C,2
52,43,1.0,2,C,2
52,44,1.0,4,E,4
52,45,0.0,3,D,1
52,46,1.0,2,C,2
52,47,0.0,1,B,2
52,48,0.0,1,B,2
52,49,0.0,0,A,3
52,50,0.0,0,A,4
52,51,1.0,2,C,2
52,52,1.0,2,C,2
52,53,1.0,1,B,1
52,54,0.0,4,E,2
52,55,1.0,0,A,0
52,56,1.0,1,B,1
52,57,0.0,4,E,2
52,58,0.0,2,C,4
52,59,1.0,0,A,0
52,60,1.0,1,B,1
52,61,0.0,0,A,2
52,62,0.0,0,A,4
52,63,0.0,2,C,3
52,64,0.0,1,B,0
52,65,0.0,2,C,0
52,66,1.0,2,C,2
52,67,1.0,2,C,2
52,68,1.0,2,C,2
52,69,0.0,0,A,2
52,70,0.0,1,B,2
52,71,0.0,3,D,0
52,72,0.0,3,D,1
52,73,0.0,4,E,1
52,74,0.0,0,A,4
52,75,0.0,1,B,4
52,76,0.0,2,C,0
52,77,0.0,4,E,3
52,78,1.0,2,C,2
52,79,0.0,1,B,4
52,80,0.0,4,E,2
52,81,0.0,4,E,3
52,82,0.0,3,D,1
52,83,1.0,4,E,4
52,84,0.0,0,A,3
52,85,0.0,0,A,3
52,86,0.0,2,C,3
52,87,1.0,4,E,4
52,88,0.0,0,A,1
52,89,1.0,2,C,2
52,90,0.0,1,B,4
52,91,0.0,1,B,0
52,92,1.0,0,A,0
52,93,0.0,4,E,0
52,94,1.0,2,C,2
52,95,0.0,2,C,3
52,96,1.0,0,A,0
52,97,0.0,3,D,4
52,98,1.0,4,E,4
52,99,0.0,3,D,0
52,100,1.0,0,A,0
52,101,0.0,3,D,4
52,102,0.0,3,D,4
52,103,0.0,2,C,3
52,104,1.0,3,D,3
52,105,0.0,0,A,3
52,106,0.0,0,A,4
52,107,0.0,2,C,1
52,108,0.0,1,B,3
52,109,0.0,1,B,4
52,110,0.0,1,B,0
52,111,1.0,4,E,4
52,112,0.0,0,A,2
52,113,1.0,0,A,0
52,114,0.0,0,A,4
52,115,0.0,2,C,1
52,116,0.0,4,E,1
52,117,0.0,3,D,1
52,118,0.0,0,A,2
52,119,0.0,3,D,4
52,120,1.0,0,A,0
52,121,0.0,2,C,1
52,122,0.0,2,C,4
52,123,0.0,1,B,4
56,0,1.0,0,A,0
56,1,1.0,0,A,0
56,2,1.0,0,A,0
56,3,1.0,3,D,3
56,4,1.0,3,D,3
56,5,0.0,1,B,4
56,6,1.0,0,A,0
56,7,1.0,0,A,0
56,8,1.0,0,A,0
56,9,0.0,2,C,1
56,10,0.0,1,B,3
56,11,0.0,2,C,4
56,12,0.0,4,E,3
56,13,1.0,0,A,0
56,14,1.0,2,C,2
56,15,0.0,3,D,2
56,16,0.0,3,D,0
56,17,0.0,4,E,2
56,18,1.0,2,C,2
56,19,0.0,3,D,1
56,20,1.0,2,C,2
56,21,0.0,2,C,4
56,22,1.0,0,A,0
56,23,1.0,0,A,0
56,24,0.0,4,E,0
56,25,0.0,3,D,1
56,26,0.0,0,A,3
56,27,1.0,3,D,3
56,28,0.0,2,C,3
56,29,1.0,2,C,2
56,30,0.0,0,A,2
56,31,0.0,1,B,3
56,32,0.0,3,D,4
56,33,0.0,1,B,0
56,34,0.0,1,B,0
56,35,0.0,1,B,3
56,36,1.0,2,C,2
56,37,1.0,0,A,0
56,38,0.0,1,B,4
56,39,0.0,1,B,4
56,40,1.0,1,B,1
56,41,0.0,1,B,0
56,42,1.0,2,C,2
56,43,1.0,2,C,2
56,44,1.0,4,E,4
56,45,0.0,3,D,1
56,46,1.0,2,C,2
56,47,0.0,1,B,2
56,48,0.0,1,B,2
56,49,0.0,0,A,3
56,50,0.0,0,A,4
56,51,1.0,2,C,2
56,52,1.0,2,C,2
56,53,1.0,1,B,1
56,54,0.0,4,E,2
56,55,1.0,0,A,0
56,56,1.0,1,B,1
56,57,0.0,4,E,2
56,58,0.0,2,C,4
56,59,1.0,0,A,0
56,60,1.0,1,B,1
56,61,0.0,0,A,2
56,62,0.0,0,A,4
56,63,0.0,2,C,3
56,64,0.0,1,B,0
56,65,0.0,2,C,0
56,66,1.0,2,C,2
56,67,1.0,2,C,2
56,68,1.0,2,C,2
56,69,0.0,0,A,2
56,70,0.0,1,B,2
56,71,0.0,3,D,0
56,72,0.0,3,D,1
56,73,0.0,4,E,1
56,74,0.0,0,A,4
56,75,0.0,1,B,4
56,76,0.0,2,C,0
56,77,0.0,4,E,3
56,78,1.0,2,C,2
56,79,0.0,1,B,4
56,80,0.0,4,E,2
56,81,0.0,4,E,3
56,82,0.0,3,D,1
56,83,1.0,4,E,4
56,84,0.0,0,A,3
56,85,0.0,0,A,3
56,86,0.0,2,C,3
56,87,1.0,4,E,4
56,88,0.0,0,A,1
56,89,1.0,2,C,2
56,90,0.0,1,B,4
56,91,0.0,1,B,0
56,92,1.0,0,A,0
56,93,0.0,4,E,0
56,94,1.0,2,C,2
56,95,0.0,2,C,3
56,96,1.0,0,A,0
56,97,0.0,3,D,4
56,98,1.0,4,E,4
56,99,0.0,3,D,0
56,100,1.0,0,A,0
56,101,0.0,3,D,4
56,102,0.0,3,D,4
56,103,0.0,2,C,3
56,104,1.0,3,D,3
56,105,0.0,0,A,3
56,106,0.0,0,A,4
56,107,0.0,2,C,1
56,108,0.0,1,B,3
56,109,0.0,1,B,4
56,110,0.0,1,B,0
56,111,1.0,4,E,4
56,112,0.0,0,A,2
56,113,1.0,0,A,0
56,114,0.0,0,A,4
56,115,0.0,2,C,1
56,116,0.0,4,E,1
56,117,0.0,3,D,1
56,118,0.0,0,A,2
56,119,0.0,3,D,4
56,120,1.0,0,A,0
56,121,0.0,2,C,1
56,122,0.0,2,C,4
56,123,0.0,1,B,4
60,0,1.0,0,A,0
60,1,1.0,0,A,0
60,2,1.0,0,A,0
60,3,1.0,3,D,3
60,4,1.0,3,D,3
60,5,0.0,1,B,4
60,6,1.0,0,A,0
60,7,1.0,0,A,0
60,8,1.0,0,A,0
60,9,0.0,2,C,1
60,10,0.0,1,B,3
60,11,0.0,2,C,4
60,12,0.0,4,E,3
60,13,1.0,0,A,0
60,14,1.0,2,C,2
60,15,0.0,3,D,2
60,16,0.0,3,D,0
60,17,0.0,4,E,2
60,18,1.0,2,C,2
60,19,0.0,3,D,1
60,20,0.0,4,E,2
60,21,0.0,2,C,4
60,22,1.0,0,A,0
60,23,1.0,0,A,0
60,24,0.0,4,E,0
60,25,0.0,3,D,1
60,26,0.0,0,A,3
60,27,1.0,3,D,3
60,28,0.0,2,C,3
60,29,1.0,2,C,2
60,30,0.0,0,A,2
60,31,0.0,1,B,3
60,32,0.0,3,D,4
60,33,0.0,1,B,0
60,34,0.0,1,B,0
60,35,0.0,1,B,3
60,36,1.0,2,C,2
60,37,1.0,0,A,0
60,38,0.0,1,B,4
60,39,0.0,1,B,4
60,40,1.0,1,B,1
60,41,0.0,1,B,0
60,42,1.0,2,C,2
60,43,1.0,2,C,2
60,44,1.0,4,E,4
60,45,0.0,3,D,1
60,46,1.0,2,C,2
60,47,0.0,1,B,2
60,48,0.0,1,B,2
60,49,0.0,0,A,3
60,50,0.0,0,A,4
60,51,1.0,2,C,2
60,52,1.0,2,C,2
60,53,1.0,1,B,1
60,54,0.0,4,E,2
60,55,1.0,0,A,0
60,56,1.0,1,B,1
60,57,0.0,4,E,2
60,58,0.0,2,C,4
60,59,1.0,0,A,0
60,60,1.0,1,B,1
60,61,0.0,0,A,2
60,62,0.0,0,A,4
60,63,0.0,2,C,3
60,64,0.0,1,B,0
60,65,0.0,2,C,0
60,66,1.0,2,C,2
60,67,1.0,2,C,2
60,68,1.0,2,C,2
60,69,0.0,0,A,2
60,70,0.0,1,B,2
60,71,0.0,3,D,0
60,72,0.0,3,D,1
60,73,0.0,4,E,1
60,74,0.0,0,A,4
60,75,0.0,1,B,4
60,76,0.0,2,C,0
60,77,0.0,4,E,3
60,78,1.0,2,C,2
60,79,0.0,1,B,4
60,80,0.0,4,E,2
60,81,0.0,4,E,3
60,82,0.0,3,D,1
60,83,1.0,4,E,4
60,84,0.0,0,A,3
60,85,0.0,0,A,3
60,86,0.0,2,C,3
60,87,1.0,4,E,4
60,88,0.0,0,A,1
60,89,1.0,2,C,2
60,90,0.0,1,B,4
60,91,0.0,1,B,0
60,92,1.0,0,A,0
60,93,0.0,4,E,0
60,94,1.0,2,C,2
60,95,0.0,2,C,3
60,96,1.0,0,A,0
60,97,0.0,3,D,4
60,98,1.0,4,E,4
60,99,0.0,3,D,0
60,100,1.0,0,A,0
60,101,0.0,3,D,4
60,102,0.0,3,D,4
60,103,0.0,2,C,3
60,104,1.0,3,D,3
60,105,0.0,0,A,3
60,106,0.0,0,A,4
60,107,0.0,2,C,1
60,108,0.0,0,A,3
60,109,0.0,1,B,4
60,110,0.0,1,B,0
60,111,1.0,4,E,4
60,112,0.0,0,A,2
60,113,1.0,0,A,0
60,114,0.0,0,A,4
60,115,0.0,2,C,1
60,116,0.0,4,E,1
60,117,0.0,3,D,1
60,118,0.0,0,A,2
60,119,0.0,0,A,4
60,120,1.0,0,A,0
60,121,0.0,2,C,1
60,122,0.0,2,C,4
60,123,0.0,1,B,4
64,0,1.0,0,A,0
64,1,1.0,0,A,0
64,2,1.0,0,A,0
64,3,1.0,3,D,3
64,4,1.0,3,D,3
64,5,0.0,1,B,4
64,6,1.0,0,A,0
64,7,1.0,0,A,0
64,8,1.0,0,A,0
64,9,0.0,2,C,1
64,10,0.0,1,B,3
64,11,0.0,2,C,4
64,12,0.0,4,E,3
64,13,1.0,0,A,0
64,14,1.0,2,C,2
64,15,0.0,3,D,2
64,16,0.0,3,D,0
64,17,0.0,4,E,2
64,18,1.0,2,C,2
64,19,0.0,3,D,1
64,20,0.0,4,E,2
64,21,0.0,2,C,4
64,22,1.0,0,A,0
64,23,1.0,0,A,0
64,24,0.0,4,E,0
64,25,0.0,3,D,1
64,26,0.0,0,A,3
64,27,1.0,3,D,3
64,28,0.0,2,C,3
64,29,1.0,2,C,2
64,30,0.0,0,A,2
64,31,0.0,1,B,3
64,32,0.0,3,D,4
64,33,0.0,1,B,0
64,34,0.0,1,B,0
64,35,0.0,1,B,3
64,36,1.0,2,C,2
64,37,1.0,0,A,0
64,38,0.0,1,B,4
64,39,0.0,1,B,4
64,40,1.0,1,B,1
64,41,0.0,1,B,0
64,42,1.0,2,C,2
64,43,1.0,2,C,2
64,44,1.0,4,E,4
64,45,0.0,3,D,1
64,46,1.0,2,C,2
64,47,0.0,1,B,2
64,48,0.0,1,B,2
64,49,0.0,0,A,3
64,50,0.0,0,A,4
64,51,1.0,2,C,2
64,52,1.0,2,C,2
64,53,1.0,1,B,1
64,54,0.0,4,E,2
64,55,1.0,0,A,0
64,56,1.0,1,B,1
64,57,0.0,4,E,2
64,58,0.0,2,C,4
64,59,1.0,0,A,0
64,60,1.0,1,B,1
64,61,0.0,0,A,2
64,62,0.0,0,A,4
64,63,0.0,2,C,3
64,64,0.0,1,B,0
64,65,1.0,0,A,0
64,66,1.0,2,C,2
64,67,1.0,2,C,2
64,68,1.0,2,C,2
64,69,0.0,0,A,2
64,70,0.0,1,B,2
64,71,0.0,3,D,0
64,72,0.0,3,D,1
64,73,0.0,4,E,1
64,74,0.0,0,A,4
64,75,0.0,1,B,4
64,76,0.0,2,C,0
64,77,0.0,4,E,3
64,78,1.0,2,C,2
64,79,0.0,1,B,4
64,80,0.0,4,E,2
64,81,0.0,4,E,3
64,82,0.0,3,D,1
64,83,1.0,4,E,4
64,84,0.0,0,A,3
64,85,0.0,0,A,3
64,86,0.0,2,C,3
64,87,1.0,4,E,4
64,88,0.0,0,A,1
64,89,1.0,2,C,2
64,90,0.0,1,B,4
64,91,0.0,1,B,0
64,92,1.0,0,A,0
64,93,0.0,4,E,0
64,94,1.0,2,C,2
64,95,0.0,2,C,3
64,96,1.0,0,A,0
64,97,0.0,3,D,4
64,98,1.0,4,E,4
64,99,0.0,3,D,0
64,100,1.0,0,A,0
64,101,0.0,3,D,4
64,102,0.0,3,D,4
64,103,0.0,2,C,3
64,104,1.0,3,D,3
64,105,0.0,0,A,3
64,106,0.0,0,A,4
64,107,0.0,2,C,1
64,108,0.0,1,B,3
64,109,0.0,1,B,4
64,110,0.0,1,B,0
64,111,1.0,4,E,4
64,112,0.0,0,A,2
64,113,1.0,0,A,0
64,114,0.0,0,A,4
64,115,0.0,2,C,1
64,116,0.0,4,E,1
64,117,0.0,3,D,1
64,118,0.0,0,A,2
64,119,0.0,0,A,4
64,120,1.0,0,A,0
64,121,0.0,2,C,1
64,122,0.0,2,C,4
64,123,0.0,1,B,4
68,0,1.0,0,A,0
68,1,1.0,0,A,0
68,2,1.0,0,A,0
68,3,1.0,3,D,3
68,4,1.0,3,D,3
68,5,0.0,1,B,4
68,6,1.0,0,A,0
68,7,1.0,0,A,0
68,8,1.0,0,A,0
68,9,0.0,2,C,1
68,10,0.0,1,B,3
68,11,0.0,2,C,4
68,12,0.0,4,E,3
68,13,1.0,0,A,0
68,14,1.0,2,C,2
68,15,0.0,3,D,2
68,16,0.0,3,D,0
68,17,0.0,4,E,2
68,18,1.0,2,C,2
68,19,0.0,3,D,1
68,20,0.0,4,E,2
68,21,0.0,2,C,4
68,22,1.0,0,A,0
68,23,1.0,0,A,0
68,24,0.0,4,E,0
68,25,0.0,3,D,1
68,26,0.0,0,A,3
68,27,1.0,3,D,3
68,28,0.0,2,C,3
68,29,1.0,2,C,2
68,30,0.0,0,A,2
68,31,0.0,1,B,3
68,32,0.0,3,D,4
68,33,0.0,1,B,0
68,34,0.0,1,B,0
68,35,0.0,1,B,3
68,36,1.0,2,C,2
68,37,1.0,0,A,0
68,38,0.0,1,B,4
68,39,0.0,1,B,4
68,40,1.0,1,B,1
68,41,0.0,1,B,0
68,42,1.0,2,C,2
68,43,1.0,2,C,2
68,44,1.0,4,E,4
68,45,0.0,3,D,1
68,46,1.0,2,C,2
68,47,0.0,1,B,2
68,48,0.0,1,B,2
68,49,0.0,0,A,3
68,50,0.0,0,A,4
68,51,1.0,2,C,2
68,52,1.0,2,C,2
68,53,1.0,1,B,1
68,54,0.0,4,E,2
68,55,1.0,0,A,0
68,56,1.0,1,B,1
68,57,0.0,4,E,2
68,58,0.0,2,C,4
68,59,1.0,0,A,0
68,60,1.0,1,B,1
68,61,0.0,0,A,2
68,62,0.0,0,A,4
68,63,0.0,2,C,3
68,64,0.0,1,B,0
68,65,1.0,0,A,0
68,66,1.0,2,C,2
68,67,1.0,2,C,2
68,68,1.0,2,C,2
68,69,0.0,0,A,2
68,70,0.0,1,B,2
68,71,0.0,3,D,0
68,72,0.0,3,D,1
68,73,0.0,4,E,1
68,74,0.0,0,A,4
68,75,0.0,1,B,4
68,76,0.0,2,C,0
68,77,0.0,4,E,3
68,78,1.0,2,C,2
68,79,0.0,1,B,4
68,80,0.0,4,E,2
68,81,0.0,4,E,3
68,82,0.0,3,D,1
68,83,1.0,4,E,4
68,84,0.0,0,A,3
68,85,0.0,0,A,3
68,86,0.0,2,C,3
68,87,1.0,4,E,4
68,88,0.0,0,A,1
68,89,1.0,2,C,2
68,90,0.0,1,B,4
68,91,0.0,1,B,0
68,92,1.0,0,A,0
68,93,0.0,4,E,0
68,94,1.0,2,C,2
68,95,0.0,2,C,3
68,96,1.0,0,A,0
68,97,0.0,3,D,4
68,98,1.0,4,E,4
68,99,0.0,3,D,0
68,100,1.0,0,A,0
68,101,0.0,3,D,4
68,102,0.0,3,D,4
68,103,0.0,2,C,3
68,104,1.0,3,D,3
68,105,0.0,0,A,3
68,106,0.0,0,A,4
68,107,0.0,2,C,1
68,108,0.0,0,A,3
68,109,0.0,1,B,4
68,110,0.0,1,B,0
68,111,1.0,4,E,4
68,112,0.0,0,A,2
68,113,1.0,0,A,0
68,114,0.0,0,A,4
68,115,0.0,2,C,1
68,116,0.0,4,E,1
68,117,0.0,3,D,1
68,118,0.0,0,A,2
68,119,0.0,0,A,4
68,120,1.0,0,A,0
68,121,0.0,2,C,1
68,122,0.0,2,C,4
68,123,0.0,1,B,4
72,0,1.0,0,A,0
72,1,1.0,0,A,0
72,2,1.0,0,A,0
72,3,1.0,3,D,3
72,4,1.0,3,D,3
72,5,0.0,1,B,4
72,6,1.0,0,A,0
72,7,1.0,0,A,0
72,8,1.0,0,A,0
72,9,0.0,2,C,1
72,10,0.0,1,B,3
72,11,0.0,2,C,4
72,12,0.0,4,E,3
72,13,1.0,0,A,0
72,14,1.0,2,C,2
72,15,0.0,3,D,2
72,16,0.0,3,D,0
72,17,0.0,4,E,2
72,18,1.0,2,C,2
72,19,0.0,3,D,1
72,20,0.0,4,E,2
72,21,0.0,2,C,4
72,22,1.0,0,A,0
72,23,1.0,0,A,0
72,24,0.0,4,E,0
72,25,0.0,3,D,1
72,26,0.0,0,A,3
72,27,1.0,3,D,3
72,28,0.0,2,C,3
72,29,1.0,2,C,2
72,30,0.0,0,A,2
72,31,0.0,1,B,3
72,32,0.0,3,D,4
72,33,0.0,1,B,0
72,34,0.0,1,B,0
72,35,0.0,1,B,3
72,36,1.0,2,C,2
72,37,1.0,0,A,0
72,38,0.0,1,B,4
72,39,0.0,1,B,4
72,40,1.0,1,B,1
72,41,0.0,3,D,0
72,42,1.0,2,C,2
72,43,1.0,2,C,2
72,44,1.0,4,E,4
72,45,0.0,3,D,1
72,46,1.0,2,C,2
72,47,0.0,1,B,2
72,48,0.0,1,B,2
72,49,0.0,0,A,3
72,50,0.0,0,A,4
72,51,1.0,2,C,2
72,52,1.0,2,C,2
72,53,1.0,1,B,1
72,54,0.0,4,E,2
72,55,1.0,0,A,0
72,56,1.0,1,B,1
72,57,0.0,4,E,2
72,58,0.0,2,C,4
72,59,1.0,0,A,0
72,60,1.0,1,B,1
72,61,0.0,0,A,2
72,62,0.0,0,A,4
72,63,0.0,2,C,3
72,64,0.0,1,B,0
72,65,1.0,0,A,0
72,66,1.0,2,C,2
72,67,1.0,2,C,2
72,68,1.0,2,C,2
72,69,0.0,0,A,2
72,70,0.0,1,B,2
72,71,0.0,3,D,0
72,72,0.0,3,D,1
72,73,0.0,4,E,1
72,74,0.0,0,A,4
72,75,0.0,1,B,4
72,76,0.0,2,C,0
72,77,0.0,4,E,3
72,78,1.0,2,C,2
72,79,0.0,1,B,4
72,80,0.0,4,E,2
72,81,0.0,4,E,3
72,82,0.0,3,D,1
72,83,1.0,4,E,4
72,84,0.0,0,A,3
72,85,0.0,0,A,3
72,86,0.0,2,C,3
72,87,1.0,4,E,4
72,88,0.0,0,A,1
72,89,1.0,2,C,2
72,90,0.0,1,B,4
72,91,0.0,1,B,0
72,92,1.0,0,A,0
72,93,0.0,4,E,0
72,94,1.0,2,C,2
72,95,0.0,4,E,3
72,96,1.0,0,A,0
72,97,0.0,3,D,4
72,98,1.0,4,E,4
72,99,0.0,3,D,0
72,100,1.0,0,A,0
72,101,0.0,3,D,4
72,102,0.0,3,D,4
72,103,0.0,2,C,3
72,104,1.0,3,D,3
72,105,0.0,0,A,3
72,106,0.0,0,A,4
72,107,0.0,2,C,1
72,108,0.0,0,A,3
72,109,0.0,1,B,4
72,110,0.0,1,B,0
72,111,1.0,4,E,4
72,112,0.0,0,A,2
72,113,1.0,0,A,0
72,114,0.0,0,A,4
72,115,0.0,2,C,1
72,116,0.0,4,E,1
72,117,0.0,3,D,1
72,118,0.0,0,A,2
72,119,0.0,0,A,4
72,120,1.0,0,A,0
72,121,0.0,2,C,1
72,122,0.0,2,C,4
72,123,0.0,1,B,4
76,0,1.0,0,A,0
76,1,1.0,0,A,0
76,2,1.0,0,A,0
76,3,1.0,3,D,3
76,4,1.0,3,D,3
76,5,0.0,1,B,4
76,6,1.0,0,A,0
76,7,1.0,0,A,0
76,8,1.0,0,A,0
76,9,0.0,2,C,1
76,10,0.0,1,B,3
76,11,0.0,2,C,4
76,12,0.0,4,E,3
76,13,1.0,0,A,0
76,14,1.0,2,C,2
76,15,0.0,3,D,2
76,16,0.0,3,D,0
76,17,0.0,4,E,2
76,18,1.0,2,C,2
76,19,0.0,3,D,1
76,20,0.0,4,E,2
76,21,0.0,2,C,4
76,22,1.0,0,A,0
76,23,1.0,0,A,0
76,24,0.0,4,E,0
76,25,0.0,3,D,1
76,26,0.0,0,A,3
76,27,1.0,3,D,3
76,28,0.0,2,C,3
76,29,1.0,2,C,2
76,30,0.0,0,A,2
76,31,0.0,1,B,3
76,32,0.0,3,D,4
76,33,0.0,1,B,0
76,34,0.0,1,B,0
76,35,0.0,1,B,3
76,36,1.0,2,C,2
76,37,1.0,0,A,0
76,38,0.0,1,B,4
76,39,0.0,1,B,4
76,40,1.0,1,B,1
76,41,0.0,3,D,0
76,42,1.0,2,C,2
76,43,1.0,2,C,2
76,44,1.0,4,E,4
76,45,0.0,3,D,1
76,46,1.0,2,C,2
76,47,0.0,1,B,2
76,48,0.0,1,B,2
76,49,0.0,0,A,3
76,50,0.0,0,A,4
76,51,1.0,2,C,2
76,52,1.0,2,C,2
76,53,1.0,1,B,1
76,54,0.0,4,E,2
76,55,1.0,0,A,0
76,56,1.0,1,B,1
76,57,0.0,4,E,2
76,58,0.0,2,C,4
76,59,1.0,0,A,0
76,60,1.0,1,B,1
76,61,0.0,0,A,2
76,62,0.0,0,A,4
76,63,0.0,2,C,3
76,64,0.0,1,B,0
76,65,1.0,0,A,0
76,66,1.0,2,C,2
76,67,1.0,2,C,2
76,68,1.0,2,C,2
76,69,0.0,0,A,2
76,70,0.0,1,B,2
76,71,0.0,3,D,0
76,72,0.0,3,D,1
76,73,0.0,4,E,1
76,74,0.0,0,A,4
76,75,0.0,1,B,4
76,76,0.0,2,C,0
76,77,0.0,4,E,3
76,78,1.0,2,C,2
76,79,0.0,1,B,4
76,80,0.0,4,E,2
76,81,0.0,4,E,3
76,82,0.0,3,D,1
76,83,1.0,4,E,4
76,84,0.0,0,A,3
76,85,0.0,0,A,3
76,86,0.0,2,C,3
76,87,1.0,4,E,4
76,88,0.0,0,A,1
76,89,1.0,2,C,2
76,90,0.0,1,B,4
76,91,0.0,1,B,0
76,92,1.0,0,A,0
76,93,0.0,4,E,0
76,94,1.0,2,C,2
76,95,0.0,2,C,3
76,96,1.0,0,A,0
76,97,0.0,3,D,4
76,98,1.0,4,E,4
76,99,0.0,3,D,0
76,100,1.0,0,A,0
76,101,0.0,3,D,4
76,102,0.0,3,D,4
76,103,0.0,2,C,3
76,104,1.0,3,D,3
76,105,0.0,0,A,3
76,106,0.0,0,A,4
76,107,0.0,2,C,1
76,108,0.0,1,B,3
76,109,0.0,1,B,4
76,110,0.0,1,B,0
76,111,1.0,4,E,4
76,112,0.0,0,A,2
76,113,1.0,0,A,0
76,114,0.0,0,A,4
76,115,0.0,2,C,1
76,116,0.0,4,E,1
76,117,0.0,3,D,1
76,118,0.0,0,A,2
76,119,0.0,0,A,4
76,120,1.0,0,A,0
76,121,0.0,2,C,1
76,122,0.0,2,C,4
76,123,0.0,1,B,4
80,0,1.0,0,A,0
80,1,1.0,0,A,0
80,2,1.0,0,A,0
80,3,1.0,3,D,3
80,4,1.0,3,D,3
80,5,0.0,1,B,4
80,6,1.0,0,A,0
80,7,1.0,0,A,0
80,8,1.0,0,A,0
80,9,0.0,2,C,1
80,10,0.0,1,B,3
80,11,0.0,2,C,4
80,12,0.0,4,E,3
80,13,1.0,0,A,0
80,14,1.0,2,C,2
80,15,0.0,3,D,2
80,16,0.0,3,D,0
80,17,0.0,4,E,2
80,18,1.0,2,C,2
80,19,0.0,3,D,1
80,20,0.0,4,E,2
80,21,0.0,2,C,4
80,22,1.0,0,A,0
80,23,1.0,0,A,0
80,24,0.0,4,E,0
80,25,0.0,3,D,1
80,26,0.0,0,A,3
80,27,1.0,3,D,3
80,28,0.0,2,C,3
80,29,1.0,2,C,2
80,30,0.0,0,A,2
80,31,0.0,1,B,3
80,32,0.0,3,D,4
80,33,0.0,1,B,0
80,34,0.0,1,B,0
80,35,0.0,1,B,3
80,36,1.0,2,C,2
80,37,1.0,0,A,0
80,38,0.0,1,B,4
80,39,0.0,1,B,4
80,40,1.0,1,B,1
80,41,0.0,3,D,0
80,42,1.0,2,C,2
80,43,1.0,2,C,2
80,44,1.0,4,E,4
80,45,0.0,3,D,1
80,46,1.0,2,C,2
80,47,0.0,1,B,2
80,48,0.0,1,B,2
80,49,0.0,0,A,3
80,50,0.0,0,A,4
80,51,1.0,2,C,2
80,52,1.0,2,C,2
80,53,1.0,1,B,1
80,54,0.0,4,E,2
80,55,1.0,0,A,0
80,56,1.0,1,B,1
80,57,0.0,4,E,2
80,58,0.0,2,C,4
80,59,1.0,0,A,0
80,60,1.0,1,B,1
80,61,0.0,0,A,2
80,62,0.0,0,A,4
80,63,0.0,2,C,3
80,64,0.0,1,B,0
80,65,1.0,0,A,0
80,66,1.0,2,C,2
80,67,1.0,2,C,2
80,68,1.0,2,C,2
80,69,0.0,0,A,2
80,70,0.0,1,B,2
80,71,0.0,3,D,0
80,72,0.0,3,D,1
80,73,0.0,4,E,1
80,74,0.0,0,A,4
80,75,0.0,1,B,4
80,76,0.0,2,C,0
80,77,0.0,4,E,3
80,78,1.0,2,C,2
80,79,0.0,1,B,4
80,80,0.0,4,E,2
80,81,0.0,4,E,3
80,82,0.0,3,D,1
80,83,1.0,4,E,4
80,84,0.0,0,A,3
80,85,0.0,0,A,3
80,86,0.0,2,C,3
80,87,1.0,4,E,4
80,88,0.0,0,A,1
80,89,1.0,2,C,2
80,90,0.0,1,B,4
80,91,0.0,1,B,0
80,92,1.0,0,A,0
80,93,0.0,4,E,0
80,94,1.0,2,C,2
80,95,0.0,4,E,3
80,96,1.0,0,A,0
80,97,0.0,3,D,4
80,98,1.0,4,E,4
80,99,0.0,3,D,0
80,100,1.0,0,A,0
80,101,0.0,3,D,4
80,102,0.0,3,D,4
80,103,0.0,2,C,3
80,104,1.0,3,D,3
80,105,0.0,0,A,3
80,106,0.0,0,A,4
80,107,0.0,2,C,1
80,108,0.0,1,B,3
80,109,0.0,1,B,4
80,110,0.0,1,B,0
80,111,1.0,4,E,4
80,112,0.0,0,A,2
80,113,1.0,0,A,0
80,114,0.0,0,A,4
80,115,0.0,2,C,1
80,116,0.0,4,E,1
80,117,0.0,3,D,1
80,118,0.0,0,A,2
80,119,0.0,0,A,4
80,120,1.0,0,A,0
80,121,0.0,2,C,1
80,122,0.0,2,C,4
80,123,0.0,1,B,4
84,0,1.0,0,A,0
84,1,1.0,0,A,0
84,2,1.0,0,A,0
84,3,1.0,3,D,3
84,4,1.0,3,D,3
84,5,0.0,1,B,4
84,6,1.0,0,A,0
84,7,1.0,0,A,0
84,8,1.0,0,A,0
84,9,0.0,2,C,1
84,10,0.0,1,B,3
84,11,0.0,2,C,4
84,12,0.0,4,E,3
84,13,1.0,0,A,0
84,14,1.0,2,C,2
84,15,0.0,3,D,2
84,16,0.0,3,D,0
84,17,0.0,4,E,2
84,18,1.0,2,C,2
84,19,0.0,3,D,1
84,20,0.0,4,E,2
84,21,0.0,2,C,4
84,22,1.0,0,A,0
84,23,1.0,0,A,0
84,24,0.0,4,E,0
84,25,0.0,3,D,1
84,26,0.0,0,A,3
84,27,1.0,3,D,3
84,28,0.0,2,C,3
84,29,1.0,2,C,2
84,30,0.0,0,A,2
84,31,0.0,1,B,3
84,32,0.0,3,D,4
84,33,0.0,1,B,0
84,34,0.0,1,B,0
84,35,0.0,1,B,3
84,36,1.0,2,C,2
84,37,1.0,0,A,0
84,38,0.0,1,B,4
84,39,0.0,1,B,4
84,40,1.0,1,B,1
84,41,0.0,3,D,0
84,42,1.0,2,C,2
84,43,1.0,2,C,2
84,44,1.0,4,E,4
84,45,0.0,3,D,1
84,46,1.0,2,C,2
84,47,0.0,1,B,2
84,48,0.0,1,B,2
84,49,0.0,0,A,3
84,50,0.0,0,A,4
84,51,1.0,2,C,2
84,52,1.0,2,C,2
84,53,1.0,1,B,1
84,54,0.0,4,E,2
84,55,1.0,0,A,0
84,56,1.0,1,B,1
84,57,0.0,4,E,2
84,58,0.0,2,C,4
84,59,1.0,0,A,0
84,60,1.0,1,B,1
84,61,0.0,0,A,2
84,62,0.0,0,A,4
84,63,0.0,2,C,3
84,64,0.0,1,B,0
84,65,1.0,0,A,0
84,66,1.0,2,C,2
84,67,1.0,2,C,2
84,68,1.0,2,C,2
84,69,0.0,0,A,2
84,70,0.0,1,B,2
84,71,0.0,3,D,0
84,72,0.0,3,D,1
84,73,0.0,4,E,1
84,74,0.0,0,A,4
84,75,0.0,1,B,4
84,76,0.0,2,C,0
84,77,0.0,4,E,3
84,78,1.0,2,C,2
84,79,0.0,1,B,4
84,80,0.0,4,E,2
84,81,0.0,4,E,3
84,82,0.0,3,D,1
84,83,1.0,4,E,4
84,84,0.0,0,A,3
84,85,0.0,0,A,3
84,86,0.0,2,C,3
84,87,1.0,4,E,4
84,88,0.0,0,A,1
84,89,1.0,2,C,2
84,90,0.0,1,B,4
84,91,0.0,1,B,0
84,92,1.0,0,A,0
84,93,0.0,4,E,0
84,94,1.0,2,C,2
84,95,0.0,4,E,3
84,96,1.0,0,A,0
84,97,0.0,3,D,4
84,98,1.0,4,E,4
84,99,0.0,3,D,0
84,100,1.0,0,A,0
84,101,0.0,3,D,4
84,102,0.0,3,D,4
84,103,0.0,2,C,3
84,104,1.0,3,D,3
84,105,0.0,0,A,3
84,106,0.0,0,A,4
84,107,0.0,2,C,1
84,108,0.0,1,B,3
84,109,0.0,1,B,4
84,110,0.0,1,B,0
84,111,1.0,4,E,4
84,112,0.0,0,A,2
84,113,1.0,0,A,0
84,114,0.0,0,A,4
84,115,0.0,2,C,1
84,116,0.0,4,E,1
84,117,0.0,3,D,1
84,118,0.0,0,A,2
84,119,0.0,0,A,4
84,120,1.0,0,A,0
84,121,0.0,2,C,1
84,122,0.0,2,C,4
84,123,0.0,1,B,4
88,0,1.0,0,A,0
88,1,1.0,0,A,0
88,2,1.0,0,A,0
88,3,1.0,3,D,3
88,4,1.0,3,D,3
88,5,0.0,1,B,4
88,6,1.0,0,A,0
88,7,1.0,0,A,0
88,8,1.0,0,A,0
88,9,0.0,2,C,1
88,10,0.0,1,B,3
88,11,0.0,2,C,4
88,12,0.0,4,E,3
88,13,1.0,0,A,0
88,14,1.0,2,C,2
88,15,0.0,3,D,2
88,16,0.0,3,D,0
88,17,0.0,4,E,2
88,18,1.0,2,C,2
88,19,0.0,3,D,1
88,20,0.0,4,E,2
88,21,0.0,2,C,4
88,22,1.0,0,A,0
88,23,1.0,0,A,0
88,24,0.0,4,E,0
88,25,0.0,3,D,1
88,26,0.0,0,A,3
88,27,1.0,3,D,3
88,28,0.0,2,C,3
88,29,1.0,2,C,2
88,30,0.0,0,A,2
88,31,0.0,1,B,3
88,32,0.0,3,D,4
88,33,0.0,1,B,0
88,34,0.0,1,B,0
88,35,0.0,1,B,3
88,36,1.0,2,C,2
88,37,1.0,0,A,0
88,38,0.0,1,B,4
88,39,0.0,1,B,4
88,40,1.0,1,B,1
88,41,0.0,3,D,0
88,42,1.0,2,C,2
88,43,1.0,2,C,2
88,44,1.0,4,E,4
88,45,0.0,3,D,1
88,46,1.0,2,C,2
88,47,0.0,1,B,2
88,48,0.0,1,B,2
88,49,0.0,0,A,3
88,50,0.0,0,A,4
88,51,1.0,2,C,2
88,52,1.0,2,C,2
88,53,1.0,1,B,1
88,54,0.0,4,E,2
88,55,1.0,0,A,0
88,56,1.0,1,B,1
88,57,0.0,4,E,2
88,58,0.0,2,C,4
88,59,1.0,0,A,0
88,60,1.0,1,B,1
88,61,0.0,0,A,2
88,62,0.0,0,A,4
88,63,0.0,2,C,3
88,64,0.0,1,B,0
88,65,1.0,0,A,0
88,66,1.0,2,C,2
88,67,1.0,2,C,2
88,68,1.0,2,C,2
88,69,0.0,0,A,2
88,70,0.0,1,B,2
88,71,0.0,3,D,0
88,72,0.0,3,D,1
88,73,0.0,4,E,1
88,74,0.0,0,A,4
88,75,0.0,1,B,4
88,76,0.0,2,C,0
88,77,0.0,4,E,3
88,78,1.0,2,C,2
88,79,0.0,1,B,4
88,80,0.0,4,E,2
88,81,0.0,4,E,3
88,82,0.0,3,D,1
88,83,1.0,4,E,4
88,84,0.0,0,A,3
88,85,0.0,0,A,3
88,86,0.0,2,C,3
88,87,1.0,4,E,4
88,88,0.0,0,A,1
88,89,1.0,2,C,2
88,90,0.0,1,B,4
88,91,0.0,1,B,0
88,92,1.0,0,A,0
88,93,0.0,4,E,0
88,94,1.0,2,C,2
88,95,0.0,2,C,3
88,96,1.0,0,A,0
88,97,0.0,3,D,4
88,98,1.0,4,E,4
88,99,0.0,3,D,0
88,100,1.0,0,A,0
88,101,0.0,3,D,4
88,102,0.0,3,D,4
88,103,0.0,2,C,3
88,104,1.0,3,D,3
88,105,0.0,0,A,3
88,106,0.0,0,A,4
88,107,0.0,2,C,1
88,108,0.0,1,B,3
88,109,0.0,1,B,4
88,110,0.0,1,B,0
88,111,1.0,4,E,4
88,112,0.0,0,A,2
88,113,1.0,0,A,0
88,114,0.0,0,A,4
88,115,0.0,2,C,1
88,116,0.0,4,E,1
88,117,0.0,3,D,1
88,118,0.0,0,A,2
88,119,0.0,0,A,4
88,120,1.0,0,A,0
88,121,0.0,2,C,1
88,122,0.0,2,C,4
88,123,0.0,1,B,4
92,0,1.0,0,A,0
92,1,1.0,0,A,0
92,2,1.0,0,A,0
92,3,1.0,3,D,3
92,4,1.0,3,D,3
92,5,0.0,1,B,4
92,6,1.0,0,A,0
92,7,1.0,0,A,0
92,8,1.0,0,A,0
92,9,0.0,2,C,1
92,10,0.0,1,B,3
92,11,0.0,2,C,4
92,12,0.0,4,E,3
92,13,1.0,0,A,0
92,14,1.0,2,C,2
92,15,0.0,3,D,2
92,16,0.0,3,D,0
92,17,0.0,4,E,2
92,18,1.0,2,C,2
92,19,0.0,3,D,1
92,20,0.0,4,E,2
92,21,0.0,2,C,4
92,22,1.0,0,A,0
92,23,1.0,0,A,0
92,24,0.0,4,E,0
92,25,0.0,3,D,1
92,26,0.0,0,A,3
92,27,1.0,3,D,3
92,28,0.0,2,C,3
92,29,1.0,2,C,2
92,30,0.0,0,A,2
92,31,0.0,1,B,3
92,32,0.0,3,D,4
92,33,0.0,1,B,0
92,34,0.0,1,B,0
92,35,0.0,1,B,3
92,36,1.0,2,C,2
92,37,1.0,0,A,0
92,38,0.0,1,B,4
92,39,0.0,1,B,4
92,40,1.0,1,B,1
92,41,0.0,3,D,0
92,42,1.0,2,C,2
92,43,1.0,2,C,2
92,44,1.0,4,E,4
92,45,0.0,3,D,1
92,46,1.0,2,C,2
92,47,0.0,1,B,2
92,48,0.0,1,B,2
92,49,0.0,0,A,3
92,50,0.0,0,A,4
92,51,1.0,2,C,2
92,52,1.0,2,C,2
92,53,1.0,1,B,1
92,54,0.0,4,E,2
92,55,1.0,0,A,0
92,56,1.0,1,B,1
92,57,0.0,4,E,2
92,58,0.0,2,C,4
92,59,1.0,0,A,0
92,60,1.0,1,B,1
92,61,0.0,0,A,2
92,62,0.0,0,A,4
92,63,0.0,2,C,3
92,64,0.0,1,B,0
92,65,1.0,0,A,0
92,66,1.0,2,C,2
92,67,1.0,2,C,2
92,68,1.0,2,C,2
92,69,0.0,0,A,2
92,70,0.0,1,B,2
92,71,0.0,3,D,0
92,72,0.0,3,D,1
92,73,0.0,4,E,1
92,74,0.0,0,A,4
92,75,0.0,1,B,4
92,76,0.0,2,C,0
92,77,0.0,4,E,3
92,78,1.0,2,C,2
92,79,0.0,1,B,4
92,80,0.0,4,E,2
92,81,0.0,4,E,3
92,82,0.0,3,D,1
92,83,1.0,4,E,4
92,84,0.0,0,A,3
92,85,0.0,0,A,3
92,86,0.0,2,C,3
92,87,1.0,4,E,4
92,88,0.0,0,A,1
92,89,1.0,2,C,2
92,90,0.0,1,B,4
92,91,0.0,1,B,0
92,92,1.0,0,A,0
92,93,0.0,4,E,0
92,94,1.0,2,C,2
92,95,0.0,2,C,3
92,96,1.0,0,A,0
92,97,0.0,3,D,4
92,98,1.0,4,E,4
92,99,0.0,3,D,0
92,100,1.0,0,A,0
92,101,0.0,3,D,4
92,102,0.0,3,D,4
92,103,0.0,2,C,3
92,104,1.0,3,D,3
92,105,0.0,0,A,3
92,106,0.0,0,A,4
92,107,0.0,2,C,1
92,108,0.0,0,A,3
92,109,0.0,1,B,4
92,110,0.0,1,B,0
92,111,1.0,4,E,4
92,112,0.0,0,A,2
92,113,1.0,0,A,0
92,114,0.0,0,A,4
92,115,0.0,2,C,1
92,116,0.0,4,E,1
92,117,0.0,3,D,1
92,118,0.0,0,A,2
92,119,0.0,0,A,4
92,120,1.0,0,A,0
92,121,0.0,2,C,1
92,122,0.0,2,C,4
92,123,0.0,1,B,4
96,0,1.0,0,A,0
96,1,1.0,0,A,0
96,2,1.0,0,A,0
96,3,1.0,3,D,3
96,4,1.0,3,D,3
96,5,0.0,1,B,4
96,6,1.0,0,A,0
96,7,1.0,0,A,0
96,8,1.0,0,A,0
96,9,0.0,2,C,1
96,10,0.0,1,B,3
96,11,0.0,2,C,4
96,12,0.0,4,E,3
96,13,1.0,0,A,0
96,14,1.0,2,C,2
96,15,0.0,3,D,2
96,16,0.0,3,D,0
96,17,0.0,4,E,2
96,18,1.0,2,C,2
96,19,0.0,3,D,1
96,20,0.0,4,E,2
96,21,0.0,2,C,4
96,22,1.0,0,A,0
96,23,1.0,0,A,0
96,24,0.0,4,E,0
96,25,0.0,3,D,1
96,26,0.0,0,A,3
96,27,1.0,3,D,3
96,28,0.0,2,C,3
96,29,1.0,2,C,2
96,30,0.0,0,A,2
96,31,0.0,1,B,3
96,32,0.0,3,D,4
96,33,0.0,1,B,0
96,34,0.0,1,B,0
96,35,0.0,1,B,3
96,36,1.0,2,C,2
96,37,1.0,0,A,0
96,38,0.0,1,B,4
96,39,0.0,1,B,4
96,40,1.0,1,B,1
96,41,0.0,3,D,0
96,42,1.0,2,C,2
96,43,1.0,2,C,2
96,44,1.0,4,E,4
96,45,0.0,3,D,1
96,46,1.0,2,C,2
96,47,0.0,1,B,2
96,48,0.0,1,B,2
96,49,0.0,0,A,3
96,50,0.0,0,A,4
96,51,1.0,2,C,2
96,52,1.0,2,C,2
96,53,1.0,1,B,1
96,54,0.0,4,E,2
96,55,1.0,0,A,0
96,56,1.0,1,B,1
96,57,0.0,4,E,2
96,58,0.0,2,C,4
96,59,1.0,0,A,0
96,60,1.0,1,B,1
96,61,0.0,0,A,2
96,62,0.0,0,A,4
96,63,0.0,2,C,3
96,64,0.0,1,B,0
96,65,1.0,0,A,0
96,66,1.0,2,C,2
96,67,1.0,2,C,2
96,68,1.0,2,C,2
96,69,0.0,0,A,2
96,70,0.0,1,B,2
96,71,0.0,3,D,0
96,72,0.0,3,D,1
96,73,0.0,4,E,1
96,74,0.0,0,A,4
96,75,0.0,1,B,4
96,76,0.0,2,C,0
96,77,0.0,4,E,3
96,78,1.0,2,C,2
96,79,0.0,1,B,4
96,80,0.0,4,E,2
96,81,0.0,4,E,3
96,82,0.0,3,D,1
96,83,1.0,4,E,4
96,84,0.0,0,A,3
96,85,0.0,0,A,3
96,86,0.0,2,C,3
96,87,1.0,4,E,4
96,88,0.0,0,A,1
96,89,1.0,2,C,2
96,90,0.0,1,B,4
96,91,0.0,1,B,0
96,92,1.0,0,A,0
96,93,0.0,4,E,0
96,94,1.0,2,C,2
96,95,0.0,2,C,3
96,96,1.0,0,A,0
96,97,0.0,3,D,4
96,98,1.0,4,E,4
96,99,0.0,3,D,0
96,100,1.0,0,A,0
96,101,0.0,3,D,4
96,102,0.0,3,D,4
96,103,0.0,2,C,3
96,104,1.0,3,D,3
96,105,0.0,0,A,3
96,106,0.0,0,A,4
96,107,0.0,2,C,1
96,108,0.0,0,A,3
96,109,0.0,1,B,4
96,110,0.0,1,B,0
96,111,1.0,4,E,4
96,112,0.0,0,A,2
96,113,1.0,0,A,0
96,114,0.0,0,A,4
96,115,0.0,2,C,1
96,116,0.0,4,E,1
96,117,0.0,3,D,1
96,118,0.0,0,A,2
96,119,0.0,0,A,4
96,120,1.0,0,A,0
96,121,0.0,2,C,1
96,122,0.0,2,C,4
96,123,0.0,1,B,4
100,0,1.0,0,A,0
100,1,1.0,0,A,0
100,2,1.0,0,A,0
100,3,1.0,3,D,3
100,4,1.0,3,D,3
100,5,0.0,1,B,4
100,6,1.0,0,A,0
100,7,1.0,0,A,0
100,8,1.0,0,A,0
100,9,0.0,2,C,1
100,10,0.0,1,B,3
100,11,0.0,2,C,4
100,12,0.0,4,E,3
100,13,1.0,0,A,0
100,14,1.0,2,C,2
100,15,0.0,3,D,2
100,16,0.0,3,D,0
100,17,0.0,4,E,2
100,18,1.0,2,C,2
100,19,0.0,3,D,1
100,20,0.0,4,E,2
100,21,0.0,2,C,4
100,22,1.0,0,A,0
100,23,1.0,0,A,0
100,24,0.0,4,E,0
100,25,0.0,3,D,1
100,26,0.0,0,A,3
100,27,1.0,3,D,3
100,28,0.0,2,C,3
100,29,1.0,2,C,2
100,30,0.0,0,A,2
100,31,0.0,1,B,3
100,32,0.0,3,D,4
100,33,0.0,1,B,0
100,34,0.0,1,B,0
100,35,0.0,1,B,3
100,36,1.0,2,C,2
100,37,1.0,0,A,0
100,38,0.0,1,B,4
100,39,0.0,1,B,4
100,40,1.0,1,B,1
100,41,0.0,3,D,0
100,42,1.0,2,C,2
100,43,1.0,2,C,2
100,44,1.0,4,E,4
100,45,0.0,3,D,1
100,46,1.0,2,C,2
100,47,0.0,1,B,2
100,48,0.0,1,B,2
100,49,0.0,0,A,3
100,50,0.0,0,A,4
100,51,1.0,2,C,2
100,52,1.0,2,C,2
100,53,1.0,1,B,1
100,54,0.0,4,E,2
100,55,1.0,0,A,0
100,56,1.0,1,B,1
100,57,0.0,4,E,2
100,58,0.0,2,C,4
100,59,1.0,0,A,0
100,60,1.0,1,B,1
100,61,0.0,0,A,2
100,62,0.0,0,A,4
100,63,0.0,2,C,3
100,64,0.0,1,B,0
100,65,1.0,0,A,0
100,66,1.0,2,C,2
100,67,1.0,2,C,2
100,68,1.0,2,C,2
100,69,0.0,0,A,2
100,70,0.0,1,B,2
100,71,0.0,3,D,0
100,72,0.0,3,D,1
100,73,0.0,4,E,1
100,74,0.0,0,A,4
100,75,0.0,1,B,4
100,76,0.0,2,C,0
100,77,0.0,4,E,3
100,78,1.0,2,C,2
100,79,0.0,1,B,4
100,80,0.0,4,E,2
100,81,0.0,4,E,3
100,82,0.0,3,D,1
100,83,1.0,4,E,4
100,84,0.0,0,A,3
100,85,0.0,0,A,3
100,86,0.0,2,C,3
100,87,1.0,4,E,4
100,88,0.0,0,A,1
100,89,1.0,2,C,2
100,90,0.0,1,B,4
100,91,0.0,1,B,0
100,92,1.0,0,A,0
100,93,0.0,4,E,0
100,94,1.0,2,C,2
100,95,0.0,4,E,3
100,96,1.0,0,A,0
100,97,0.0,3,D,4
100,98,1.0,4,E,4
100,99,0.0,3,D,0
100,100,1.0,0,A,0
100,101,0.0,3,D,4
100,102,0.0,3,D,4
100,103,0.0,2,C,3
100,104,1.0,3,D,3
100,105,0.0,0,A,3
100,106,0.0,0,A,4
100,107,0.0,2,C,1
100,108,0.0,1,B,3
100,109,0.0,1,B,4
100,110,0.0,1,B,0
100,111,1.0,4,E,4
100,112,0.0,0,A,2
100,113,1.0,0,A,0
100,114,0.0,0,A,4
100,115,0.0,2,C,1
100,116,0.0,4,E,1
100,117,0.0,3,D,1
100,118,0.0,0,A,2
100,119,0.0,0,A,4
100,120,1.0,0,A,0
100,121,0.0,2,C,1
100,122,0.0,2,C,4
100,123,0.0,1,B,4
