probe,target,correct_label,formatted_question,option_a,option_b,option_c,option_d,option_e,distractors,fact,raw_knowledge_statement,section,source_row_0based,inference_type,source_fact(s),source_facts,text_sentences,derivation,question,answer,domain,broader_row_index_0based
"According to the opinion 'America First Legal Foundation v. Jamieson Greer,' if section 1216 had expressly entitled AFL to receive information from an OSC FOIA investigation, then denial of that information would have supplied, under the court’s informational-standing rule,",a concrete injury,(D),"According to the opinion 'America First Legal Foundation v. Jamieson Greer,' if section 1216 had expressly entitled AFL to receive information from an OSC FOIA investigation, then denial of that information would have supplied, under the court’s informational-standing rule,
(A) a statutory cause of action to challenge OSC’s handling of the FOIA investigation
(B) proof that OSC’s denial was arbitrary and capricious
(C) an entitlement to have OSC investigate the alleged FOIA violations
(D) a concrete injury
(E) only a procedural injury, not a concrete one",a statutory cause of action to challenge OSC’s handling of the FOIA investigation,proof that OSC’s denial was arbitrary and capricious,an entitlement to have OSC investigate the alleged FOIA violations,a concrete injury,"only a procedural injury, not a concrete one","[""only a procedural injury, not a concrete one"", ""a statutory cause of action to challenge OSC\u2019s handling of the FOIA investigation"", ""an entitlement to have OSC investigate the alleged FOIA violations"", ""proof that OSC\u2019s denial was arbitrary and capricious""]","According to the opinion 'America First Legal Foundation v. Jamieson Greer,' if section 1216 had expressly entitled AFL to receive information from an OSC FOIA investigation, then denial of that information would have supplied, under the court’s informational-standing rule, a concrete injury",,,9,Reasoning Step,"['A plaintiff claiming informational standing suffers a concrete injury if he is denied information that a “statute entitled him to receive.”', 'But here, even if section 1216(a)(3) requires OSC to investigate FOIA violations, it creates no entitlement to receive information.']","['A plaintiff claiming informational standing suffers a concrete injury if he is denied information that a “statute entitled him to receive.”', 'But here, even if section 1216(a)(3) requires OSC to investigate FOIA violations, it creates no entitlement to receive information.']","['A plaintiff claiming informational standing suffers a concrete injury if he is denied information that a “statute entitled him to receive.”', 'But here, even if section 1216(a)(3) requires OSC to investigate FOIA violations, it creates no entitlement to receive information.']","Under the court’s rule, a statutory entitlement to information is what would turn denial of that information into a concrete injury.","If section 1216 had expressly entitled AFL to receive information from an OSC FOIA investigation, what would denial of that information have supplied under the court’s informational-standing rule?",a concrete injury,America_First_Legal_Foundation_v_Jamieson_Greer,0
"According to the opinion 'America First Legal Foundation v. Jamieson Greer', because standing bears on subject-matter jurisdiction, once standing was absent, the district court’s merits disposition had to be replaced with",dismiss for lack of subject-matter jurisdiction,(C),"According to the opinion 'America First Legal Foundation v. Jamieson Greer', because standing bears on subject-matter jurisdiction, once standing was absent, the district court’s merits disposition had to be replaced with
(A) dismiss for lack of personal jurisdiction
(B) dismiss for failure to state a claim
(C) dismiss for lack of subject-matter jurisdiction
(D) enter summary judgment for the government
(E) dismiss as moot for lack of a live controversy",dismiss for lack of personal jurisdiction,dismiss for failure to state a claim,dismiss for lack of subject-matter jurisdiction,enter summary judgment for the government,dismiss as moot for lack of a live controversy,"[""dismiss for failure to state a claim"", ""dismiss for lack of personal jurisdiction"", ""enter summary judgment for the government"", ""dismiss as moot for lack of a live controversy""]","According to the opinion 'America First Legal Foundation v. Jamieson Greer', because standing bears on subject-matter jurisdiction, once standing was absent, the district court’s merits disposition had to be replaced with dismiss for lack of subject-matter jurisdiction",,,10,Multi-Fact Integration,"['Before reaching the merits, we must consider whether AFL satisfied the requirements for Article III standing, a question bearing on whether the district court had subjectmatter jurisdiction.', 'Because AFL lacks Article III standing, we vacate the district court’s judgment and remand with instructions to dismiss for lack of subject-matter jurisdiction.']","['Before reaching the merits, we must consider whether AFL satisfied the requirements for Article III standing, a question bearing on whether the district court had subjectmatter jurisdiction.', 'Because AFL lacks Article III standing, we vacate the district court’s judgment and remand with instructions to dismiss for lack of subject-matter jurisdiction.']","['Before reaching the merits, we must consider whether AFL satisfied the requirements for Article III standing, a question bearing on whether the district court had subjectmatter jurisdiction.', 'Because AFL lacks Article III standing, we vacate the district court’s judgment and remand with instructions to dismiss for lack of subject-matter jurisdiction.']","Because standing determines subject-matter jurisdiction, the absence of standing required a jurisdictional dismissal rather than a merits disposition.","Because standing bears on subject-matter jurisdiction, what dismissal had to replace the district court’s merits disposition once standing was absent?",dismiss for lack of subject-matter jurisdiction,America_First_Legal_Foundation_v_Jamieson_Greer,1
"According to the opinion 'Finesse Wireless LLC v. AT&T Mobility LLC', given the court's view of Dr. Wells's express mapping, the conclusion that follows for ’134 claim limitation 1[a] is",limitation 1[a] unmet,(D),"According to the opinion 'Finesse Wireless LLC v. AT&T Mobility LLC', given the court's view of Dr. Wells's express mapping, the conclusion that follows for ’134 claim limitation 1[a] is
(A) limitation 1[a] met
(B) limitation 1[a] remains genuinely disputed
(C) limitation 1[a] satisfied by Dr. Wells's GROOT FPGA mapping
(D) limitation 1[a] unmet
(E) limitation 1[a] met because the modeled PIM path is part of the sampled passband",limitation 1[a] met,limitation 1[a] remains genuinely disputed,limitation 1[a] satisfied by Dr. Wells's GROOT FPGA mapping,limitation 1[a] unmet,limitation 1[a] met because the modeled PIM path is part of the sampled passband,"[""limitation 1[a] met"", ""limitation 1[a] remains genuinely disputed"", ""limitation 1[a] met because the modeled PIM path is part of the sampled passband"", ""limitation 1[a] satisfied by Dr. Wells's GROOT FPGA mapping""]","According to the opinion 'Finesse Wireless LLC v. AT&T Mobility LLC', given the court's view of Dr. Wells's express mapping, the conclusion that follows for ’134 claim limitation 1[a] is limitation 1[a] unmet",,,0,Multi-Fact Integration,"['The court acknowledged “[t]he ‘modeled PIM path is the only thing Dr. Wells expressly mapped to the ‘interference generating signals’” and “Dr. Wells also testified that the PIM Model is generated in the GROOT FPGA.”', 'As such, if the modeled PIM path is the claimed “interference generating signals,” then limitation 1[a] cannot be met because the accused radios’ receiver does not sample a passband of received signals that includes interference generating signals since those signals are not generated until after sampling occurs.']","['The court acknowledged “[t]he ‘modeled PIM path is the only thing Dr. Wells expressly mapped to the ‘interference generating signals’” and “Dr. Wells also testified that the PIM Model is generated in the GROOT FPGA.”', 'As such, if the modeled PIM path is the claimed “interference generating signals,” then limitation 1[a] cannot be met because the accused radios’ receiver does not sample a passband of received signals that includes interference generating signals since those signals are not generated until after sampling occurs.']","['The court acknowledged “[t]he ‘modeled PIM path is the only thing Dr. Wells expressly mapped to the ‘interference generating signals’” and “Dr. Wells also testified that the PIM Model is generated in the GROOT FPGA.”', 'As such, if the modeled PIM path is the claimed “interference generating signals,” then limitation 1[a] cannot be met because the accused radios’ receiver does not sample a passband of received signals that includes interference generating signals since those signals are not generated until after sampling occurs.']","Because the only expressly mapped interference-generating signal is generated only after sampling, the receiver cannot satisfy the requirement to sample a passband that includes it.","Given the court's view of Dr. Wells's express mapping, what conclusion follows for ’134 claim limitation 1[a]?",limitation 1[a] unmet,Finesse_Wireless_LLC_v_Att_Mobility_LLC,0
"According to the opinion 'Finesse Wireless LLC v. AT&T Mobility LLC', under the stated JMOL standard, the panel necessarily concluded on the ’134 infringement record that",no reasonable juror could find infringement,(E),"According to the opinion 'Finesse Wireless LLC v. AT&T Mobility LLC', under the stated JMOL standard, the panel necessarily concluded on the ’134 infringement record that
(A) at least one reasonable juror could find the ’134 claims infringed even if others would not
(B) the jury’s infringement verdict was supported by substantial evidence
(C) the record required at most a new trial on infringement, not JMOL of noninfringement
(D) reasonable jurors could differ on infringement, making JMOL of noninfringement improper
(E) no reasonable juror could find infringement",at least one reasonable juror could find the ’134 claims infringed even if others would not,the jury’s infringement verdict was supported by substantial evidence,"the record required at most a new trial on infringement, not JMOL of noninfringement","reasonable jurors could differ on infringement, making JMOL of noninfringement improper",no reasonable juror could find infringement,"[""reasonable jurors could differ on infringement, making JMOL of noninfringement improper"", ""the jury\u2019s infringement verdict was supported by substantial evidence"", ""the record required at most a new trial on infringement, not JMOL of noninfringement"", ""at least one reasonable juror could find the \u2019134 claims infringed even if others would not""]","According to the opinion 'Finesse Wireless LLC v. AT&T Mobility LLC', under the stated JMOL standard, the panel necessarily concluded on the ’134 infringement record that no reasonable juror could find infringement",,,3,Reasoning Step,"['The Fifth Circuit reviews denials of JMOL de novo, reversing “only if, when viewing the evidence in the light most favorable to the verdict, the evidence points so strongly and overwhelmingly in favor of one party that the court believes that reasonable jurors could not arrive at any contrary conclusion.”', 'We reverse the district court’s denial of JMOL of noninfringement for the asserted claims of the ’134 patent because the jury’s infringement verdict is not supported by substantial evidence.']","['The Fifth Circuit reviews denials of JMOL de novo, reversing “only if, when viewing the evidence in the light most favorable to the verdict, the evidence points so strongly and overwhelmingly in favor of one party that the court believes that reasonable jurors could not arrive at any contrary conclusion.”', 'We reverse the district court’s denial of JMOL of noninfringement for the asserted claims of the ’134 patent because the jury’s infringement verdict is not supported by substantial evidence.']","['The Fifth Circuit reviews denials of JMOL de novo, reversing “only if, when viewing the evidence in the light most favorable to the verdict, the evidence points so strongly and overwhelmingly in favor of one party that the court believes that reasonable jurors could not arrive at any contrary conclusion.”', 'We reverse the district court’s denial of JMOL of noninfringement for the asserted claims of the ’134 patent because the jury’s infringement verdict is not supported by substantial evidence.']",Applying the stated JMOL standard to the panel's reversal means the court concluded a reasonable jury could not sustain the infringement finding on that record.,"Under the stated JMOL standard, what did the panel necessarily conclude about reasonable jurors on the ’134 infringement record?",no reasonable juror could find infringement,Finesse_Wireless_LLC_v_Att_Mobility_LLC,1
"According to the opinion 'Jimenez v. Bondi', since the court held that Petitioners’ aggregate harm did not amount to past persecution, they failed to obtain the",rebuttable presumption,(A),"According to the opinion 'Jimenez v. Bondi', since the court held that Petitioners’ aggregate harm did not amount to past persecution, they failed to obtain the
(A) rebuttable presumption
(B) presumption of eligibility for withholding of removal
(C) presumption of refugee status
(D) well-founded fear of future persecution
(E) presumption of credibility",rebuttable presumption,presumption of eligibility for withholding of removal,presumption of refugee status,well-founded fear of future persecution,presumption of credibility,"[""presumption of credibility"", ""presumption of refugee status"", ""presumption of eligibility for withholding of removal"", ""well-founded fear of future persecution""]","According to the opinion 'Jimenez v. Bondi', since the court held that Petitioners’ aggregate harm did not amount to past persecution, they failed to obtain the rebuttable presumption",,,2,Multi-Fact Integration,"['One way an applicant may obtain refugee status is “through a showing of past persecution, which gives rise to a rebuttable presumption of a well-founded fear of future persecution.” Rivera-Barrientos, 666 F.3d at 646 (citation omitted).', 'Given these facts and circumstances, we find substantial evidence to support the BIA’s finding that Petitioners’ harm, even in the aggregate, does not amount to past persecution as defined in the INA.']","['One way an applicant may obtain refugee status is “through a showing of past persecution, which gives rise to a rebuttable presumption of a well-founded fear of future persecution.” Rivera-Barrientos, 666 F.3d at 646 (citation omitted).', 'Given these facts and circumstances, we find substantial evidence to support the BIA’s finding that Petitioners’ harm, even in the aggregate, does not amount to past persecution as defined in the INA.']","['One way an applicant may obtain refugee status is “through a showing of past persecution, which gives rise to a rebuttable presumption of a well-founded fear of future persecution.” Rivera-Barrientos, 666 F.3d at 646 (citation omitted).', 'Given these facts and circumstances, we find substantial evidence to support the BIA’s finding that Petitioners’ harm, even in the aggregate, does not amount to past persecution as defined in the INA.']","Because past persecution is what triggers the presumption, the court’s conclusion that Petitioners did not prove past persecution means they never received that presumption.","Since the court held that Petitioners’ aggregate harm did not amount to past persecution, what asylum-related presumption did they fail to obtain?",rebuttable presumption,Jimenez_v_Bondi,0
"According to the opinion 'Pacito v. Trump', the government’s July 17 request for stay-related relief became moot after the panel vacated its earlier stays and issued a",new stay order,(B),"According to the opinion 'Pacito v. Trump', the government’s July 17 request for stay-related relief became moot after the panel vacated its earlier stays and issued a
(A) renewed administrative stay
(B) new stay order
(C) jurisdictional remand order
(D) modified prior stay order
(E) final merits decision",renewed administrative stay,new stay order,jurisdictional remand order,modified prior stay order,final merits decision,"[""renewed administrative stay"", ""modified prior stay order"", ""final merits decision"", ""jurisdictional remand order""]","According to the opinion 'Pacito v. Trump', the government’s July 17 request for stay-related relief became moot after the panel vacated its earlier stays and issued a new stay order",,,6,Reasoning Step,"['We hereby vacate our administrative stay issued July 18, 2025. We vacate our prior stay issued March 25, 2025, as amended on April 21 and May 9, 2025.', 'We issue this stay pending final resolution of this appeal.', 'The government’s emergency motion of July 17, 2025 (Dkt. 108) is denied as moot.']","['We hereby vacate our administrative stay issued July 18, 2025. We vacate our prior stay issued March 25, 2025, as amended on April 21 and May 9, 2025.', 'We issue this stay pending final resolution of this appeal.', 'The government’s emergency motion of July 17, 2025 (Dkt. 108) is denied as moot.']","['We hereby vacate our administrative stay issued July 18, 2025. We vacate our prior stay issued March 25, 2025, as amended on April 21 and May 9, 2025.', 'We issue this stay pending final resolution of this appeal.', 'The government’s emergency motion of July 17, 2025 (Dkt. 108) is denied as moot.']","Once the panel replaced the earlier stay framework with a new stay order, a motion seeking relief about the old framework no longer needed resolution.","The government asked for stay-related relief on July 17, but the panel later vacated its earlier stays and issued a new one; what procedural development made that motion moot?",new stay order,Pacito_v_Trump,0
"According to the opinion 'Pacito v. Trump', in the panel’s stay order, the exception most clearly rested on an APA claim involving the termination of refugee services, namely",APA challenge to ending resettlement services,(B),"According to the opinion 'Pacito v. Trump', in the panel’s stay order, the exception most clearly rested on an APA claim involving the termination of refugee services, namely
(A) APA challenge to suspending refugee admissions before entry
(B) APA challenge to ending resettlement services
(C) APA challenge to revoking refugees’ admission status after arrival
(D) APA challenge to denying case-by-case refugee exemptions under the order
(E) APA challenge to ending overseas refugee processing and vetting",APA challenge to suspending refugee admissions before entry,APA challenge to ending resettlement services,APA challenge to revoking refugees’ admission status after arrival,APA challenge to denying case-by-case refugee exemptions under the order,APA challenge to ending overseas refugee processing and vetting,"[""APA challenge to suspending refugee admissions before entry"", ""APA challenge to ending overseas refugee processing and vetting"", ""APA challenge to denying case-by-case refugee exemptions under the order"", ""APA challenge to revoking refugees\u2019 admission status after arrival""]","According to the opinion 'Pacito v. Trump', in the panel’s stay order, the exception most clearly rested on an APA claim involving the termination of refugee services, namely APA challenge to ending resettlement services",,,4,Synthesized Insight,"['For reasons to be explained in full in an opinion to follow, however, the government is not likely to prevail on at least one of plaintiffs’ challenges under the APA.', 'Under 8 U.S.C. § 1522, the government must provide certain reception and placement services to refugees after their admission into the United States.', 'In light of the government’s uncertainty regarding its ability to provide the reception and placement services statutorily mandated under 8 U.S.C. § 1522, the government is hereby directed to reinstate such cooperative agreements necessary to provide the reception and placement services described in § 1522']","['For reasons to be explained in full in an opinion to follow, however, the government is not likely to prevail on at least one of plaintiffs’ challenges under the APA.', 'Under 8 U.S.C. § 1522, the government must provide certain reception and placement services to refugees after their admission into the United States.', 'In light of the government’s uncertainty regarding its ability to provide the reception and placement services statutorily mandated under 8 U.S.C. § 1522, the government is hereby directed to reinstate such cooperative agreements necessary to provide the reception and placement services described in § 1522']","['For reasons to be explained in full in an opinion to follow, however, the government is not likely to prevail on at least one of plaintiffs’ challenges under the APA.', 'Under 8 U.S.C. § 1522, the government must provide certain reception and placement services to refugees after their admission into the United States.', 'In light of the government’s uncertainty regarding its ability to provide the reception and placement services statutorily mandated under 8 U.S.C. § 1522, the government is hereby directed to reinstate such cooperative agreements necessary to provide the reception and placement services described in § 1522']","The APA discussion immediately turns on the asserted statutory duty to continue post-admission reception and placement services, showing that this service cut-off is the APA issue the court views as likely successful for plaintiffs.",What type of APA claim is most clearly the basis for the panel’s exception to the stay?,APA challenge to ending resettlement services,Pacito_v_Trump,1
"According to the opinion 'Pacito v. Trump', combining the President’s suspension of refugee ""entry"" with § 1522’s application ""after their admission,"" the status that marks the line between the suspended program and the required services is",admission into the United States,(B),"According to the opinion 'Pacito v. Trump', combining the President’s suspension of refugee ""entry"" with § 1522’s application ""after their admission,"" the status that marks the line between the suspended program and the required services is
(A) entry into the United States under the USRAP
(B) admission into the United States
(C) designation as a refugee eligible for the U.S. Refugee Admissions Program
(D) completion of federal reception and placement processing
(E) the President’s further findings permitting refugee admissions to resume",entry into the United States under the USRAP,admission into the United States,designation as a refugee eligible for the U.S. Refugee Admissions Program,completion of federal reception and placement processing,the President’s further findings permitting refugee admissions to resume,"[""entry into the United States under the USRAP"", ""designation as a refugee eligible for the U.S. Refugee Admissions Program"", ""completion of federal reception and placement processing"", ""the President\u2019s further findings permitting refugee admissions to resume""]","According to the opinion 'Pacito v. Trump', combining the President’s suspension of refugee ""entry"" with § 1522’s application ""after their admission,"" the status that marks the line between the suspended program and the required services is admission into the United States",,,3,Synthesized Insight,"['the President determined that “entry into the United States of refugees under the [U.S. Refugee Admissions Program (USRAP)] would be detrimental to the interests of the United States” and directed that “entry into the United States of refugees under the USRAP be suspended” pending further findings.', 'Under 8 U.S.C. § 1522, the government must provide certain reception and placement services to refugees after their admission into the United States.']","['the President determined that “entry into the United States of refugees under the [U.S. Refugee Admissions Program (USRAP)] would be detrimental to the interests of the United States” and directed that “entry into the United States of refugees under the USRAP be suspended” pending further findings.', 'Under 8 U.S.C. § 1522, the government must provide certain reception and placement services to refugees after their admission into the United States.']","['the President determined that “entry into the United States of refugees under the [U.S. Refugee Admissions Program (USRAP)] would be detrimental to the interests of the United States” and directed that “entry into the United States of refugees under the USRAP be suspended” pending further findings.', 'Under 8 U.S.C. § 1522, the government must provide certain reception and placement services to refugees after their admission into the United States.']","One rule governs refugees seeking entry and the other governs refugees after admission, so the status change that separates the two is admission itself.","Combining the President’s suspension of refugee ""entry"" with § 1522’s application ""after their admission,"" what status marks the line between the suspended program and the required services?",admission into the United States,Pacito_v_Trump,2
"According to the opinion 'Santos v. Kimmel', Santos’s nonparty status, combined with the lack of any comparable “express declaration,” implies that his direct breach claim under the Cameo Terms of Service means he",cannot enforce the Terms of Service,(D),"According to the opinion 'Santos v. Kimmel', Santos’s nonparty status, combined with the lack of any comparable “express declaration,” implies that his direct breach claim under the Cameo Terms of Service means he
(A) may enforce the relevant provisions indirectly
(B) overcomes Illinois’s bar on nonparty enforcement
(C) can sue as a third-party beneficiary
(D) cannot enforce the Terms of Service
(E) is covered by the contract’s express declaration",may enforce the relevant provisions indirectly,overcomes Illinois’s bar on nonparty enforcement,can sue as a third-party beneficiary,cannot enforce the Terms of Service,is covered by the contract’s express declaration,"[""can sue as a third-party beneficiary"", ""overcomes Illinois\u2019s bar on nonparty enforcement"", ""may enforce the relevant provisions indirectly"", ""is covered by the contract\u2019s express declaration""]","According to the opinion 'Santos v. Kimmel', Santos’s nonparty status, combined with the lack of any comparable “express declaration,” implies that his direct breach claim under the Cameo Terms of Service means he cannot enforce the Terms of Service",,,2,Multi-Fact Integration,"['Santos is not party to the Terms of Service to which users (like Kimmel) must agree and that Santos alleges were breached.', 'Under Illinois law, which governs the Terms of Service, there is a “strong presumption against conferring benefits to noncontracting third parties.”', 'Santos identifies nothing close to an “express declaration” that the relevant provisions of the Terms of Service apply to him or other noncontracting parties.', 'Indeed, other provisions of the Terms of Service do contain third-party beneficiary language, indicating that when the parties to that agreement intended to allow provisions of the contract to be enforced by third parties, they said so expressly.']","['Santos is not party to the Terms of Service to which users (like Kimmel) must agree and that Santos alleges were breached.', 'Under Illinois law, which governs the Terms of Service, there is a “strong presumption against conferring benefits to noncontracting third parties.”', 'Santos identifies nothing close to an “express declaration” that the relevant provisions of the Terms of Service apply to him or other noncontracting parties.', 'Indeed, other provisions of the Terms of Service do contain third-party beneficiary language, indicating that when the parties to that agreement intended to allow provisions of the contract to be enforced by third parties, they said so expressly.']","['Santos is not party to the Terms of Service to which users (like Kimmel) must agree and that Santos alleges were breached.', 'Under Illinois law, which governs the Terms of Service, there is a “strong presumption against conferring benefits to noncontracting third parties.”', 'Santos identifies nothing close to an “express declaration” that the relevant provisions of the Terms of Service apply to him or other noncontracting parties.', 'Indeed, other provisions of the Terms of Service do contain third-party beneficiary language, indicating that when the parties to that agreement intended to allow provisions of the contract to be enforced by third parties, they said so expressly.']","Because Santos was a nonparty and the allegedly breached provisions lacked the kind of express third-party language used elsewhere in the contract, he could not sue directly on those terms.","What does Santos’s nonparty status, combined with the lack of any comparable “express declaration,” imply about his direct breach claim under the Cameo Terms of Service?",cannot enforce the Terms of Service,Santos_v_Kimmel,0
"According to the opinion 'Santos v. Kimmel', under the court’s fourth-factor analysis, if the JKL segments only made Santos’s videos less valuable through mockery but did not offer viewers a competing substitute, the market conclusion is",no market harm,(C),"According to the opinion 'Santos v. Kimmel', under the court’s fourth-factor analysis, if the JKL segments only made Santos’s videos less valuable through mockery but did not offer viewers a competing substitute, the market conclusion is
(A) market harm because the mockery reduced demand for Santos’s videos
(B) market usurpation because viewers would treat the JKL segments as a substitute
(C) no market harm
(D) a neutral fourth-factor result because criticism and substitution concerns cancel out
(E) cognizable harm to Santos’s derivative and licensing market even without a competing substitute",market harm because the mockery reduced demand for Santos’s videos,market usurpation because viewers would treat the JKL segments as a substitute,no market harm,a neutral fourth-factor result because criticism and substitution concerns cancel out,cognizable harm to Santos’s derivative and licensing market even without a competing substitute,"[""market harm because the mockery reduced demand for Santos\u2019s videos"", ""market usurpation because viewers would treat the JKL segments as a substitute"", ""a neutral fourth-factor result because criticism and substitution concerns cancel out"", ""cognizable harm to Santos\u2019s derivative and licensing market even without a competing substitute""]","According to the opinion 'Santos v. Kimmel', under the court’s fourth-factor analysis, if the JKL segments only made Santos’s videos less valuable through mockery but did not offer viewers a competing substitute, the market conclusion is no market harm",,,0,Reasoning Step,"['And it is clear on the face of Santos’s complaint that Santos has not suffered market harm within the meaning of the fourth fair use factor because “[w]e ask not whether the second work would damage the market for the first (by, for example, devaluing it through parody or criticism), but whether it usurps the market for the first by offering a competing substitute.”']","['And it is clear on the face of Santos’s complaint that Santos has not suffered market harm within the meaning of the fourth fair use factor because “[w]e ask not whether the second work would damage the market for the first (by, for example, devaluing it through parody or criticism), but whether it usurps the market for the first by offering a competing substitute.”']","['And it is clear on the face of Santos’s complaint that Santos has not suffered market harm within the meaning of the fourth fair use factor because “[w]e ask not whether the second work would damage the market for the first (by, for example, devaluing it through parody or criticism), but whether it usurps the market for the first by offering a competing substitute.”']","Under the court’s stated test, criticism or parody that merely devalues the original does not count as market harm unless the later work acts as a competing substitute.","Under the court’s fourth-factor analysis, if the JKL segments only made Santos’s videos less valuable through mockery but did not offer viewers a competing substitute, what market conclusion follows?",no market harm,Santos_v_Kimmel,1
"According to the opinion 'United States v. Constantinescu', by alleging that followers were induced to buy securities, the court said the indictment alleged defendants obtained the traditional property interest from them, namely",money,(B),"According to the opinion 'United States v. Constantinescu', by alleging that followers were induced to buy securities, the court said the indictment alleged defendants obtained the traditional property interest from them, namely
(A) confidential investment information
(B) money
(C) control over their investment decisions
(D) their expected trading profits
(E) the securities themselves",confidential investment information,money,control over their investment decisions,their expected trading profits,the securities themselves,"[""the securities themselves"", ""confidential investment information"", ""control over their investment decisions"", ""their expected trading profits""]","According to the opinion 'United States v. Constantinescu', by alleging that followers were induced to buy securities, the court said the indictment alleged defendants obtained the traditional property interest from them, namely money",,,0,Synthesized Insight,"['Rather, it alleges that defendants induced their followers, through misrepresentations, to purchase securities— that is, to part with their money or property.', 'the indictment here went further, properly alleging defendants’ scheme to defraud their followers of money.']","['Rather, it alleges that defendants induced their followers, through misrepresentations, to purchase securities— that is, to part with their money or property.', 'the indictment here went further, properly alleging defendants’ scheme to defraud their followers of money.']","['Rather, it alleges that defendants induced their followers, through misrepresentations, to purchase securities— that is, to part with their money or property.', 'the indictment here went further, properly alleging defendants’ scheme to defraud their followers of money.']","If followers were induced to part with money in buying securities, then the protected traditional property interest identified by the court is money.","By alleging that followers were induced to buy securities, what traditional property interest did the court say the indictment alleged defendants obtained from them?",money,United_States_v_Constantinescu,0
"According to the opinion 'United States v. Justin Cutbank', if the section 2K2.1(b)(6)(B) enhancement yielded 35 and the Armed Career Criminal Guideline yielded 34, the greater-offense-level rule made the advisory range use",offense level 35,(C),"According to the opinion 'United States v. Justin Cutbank', if the section 2K2.1(b)(6)(B) enhancement yielded 35 and the Armed Career Criminal Guideline yielded 34, the greater-offense-level rule made the advisory range use
(A) base offense level 26
(B) offense level 34
(C) offense level 35
(D) offense level 31
(E) the Armed Career Criminal Guideline's lower offense level of 34",base offense level 26,offense level 34,offense level 35,offense level 31,the Armed Career Criminal Guideline's lower offense level of 34,"[""offense level 34"", ""base offense level 26"", ""offense level 31"", ""the Armed Career Criminal Guideline's lower offense level of 34""]","According to the opinion 'United States v. Justin Cutbank', if the section 2K2.1(b)(6)(B) enhancement yielded 35 and the Armed Career Criminal Guideline yielded 34, the greater-offense-level rule made the advisory range use offense level 35",,,4,Multi-Fact Integration,"['The PSR recommended a base offense level of 26 because the offense involved a sawed-off firearm described in 26 U.S.C. § 5845(a) and Cutback had at least two prior convictions for crimes of violence, plus a three-level increase because the firearm had an altered/obliterated serial number, a two-level increase because he recklessly created a risk of death or serious bodily injury while fleeing from police, and a four-level increase because he possessed the firearm in connection with another felony offense, for a total offense level of 35.', 'Though the jury found that Cutback had three or more prior violent felony convictions, triggering Armed Career Criminal Act penalties, the Armed Career Criminal Guideline would have produced a total offense level of 34.', 'The Guidelines provide that the greater offense level applies.']","['The PSR recommended a base offense level of 26 because the offense involved a sawed-off firearm described in 26 U.S.C. § 5845(a) and Cutback had at least two prior convictions for crimes of violence, plus a three-level increase because the firearm had an altered/obliterated serial number, a two-level increase because he recklessly created a risk of death or serious bodily injury while fleeing from police, and a four-level increase because he possessed the firearm in connection with another felony offense, for a total offense level of 35.', 'Though the jury found that Cutback had three or more prior violent felony convictions, triggering Armed Career Criminal Act penalties, the Armed Career Criminal Guideline would have produced a total offense level of 34.', 'The Guidelines provide that the greater offense level applies.']","['The PSR recommended a base offense level of 26 because the offense involved a sawed-off firearm described in 26 U.S.C. § 5845(a) and Cutback had at least two prior convictions for crimes of violence, plus a three-level increase because the firearm had an altered/obliterated serial number, a two-level increase because he recklessly created a risk of death or serious bodily injury while fleeing from police, and a four-level increase because he possessed the firearm in connection with another felony offense, for a total offense level of 35.', 'Though the jury found that Cutback had three or more prior violent felony convictions, triggering Armed Career Criminal Act penalties, the Armed Career Criminal Guideline would have produced a total offense level of 34.', 'The Guidelines provide that the greater offense level applies.']","The opinion states two possible offense levels and then says the greater one controls, so the higher of 35 and 34 governed.","If the § 2K2.1(b)(6)(B) enhancement yielded offense level 35 while the Armed Career Criminal Guideline would have yielded 34, which offense level governed the advisory range under the rule quoted by the panel?",35,United_States_v_Justin_Cutbank,0
"According to the opinion 'United States v. Justin Cutbank', the record showed that the district court gave the § 3553(a) factors",actual consideration,(E),"According to the opinion 'United States v. Justin Cutbank', the record showed that the district court gave the § 3553(a) factors
(A) no independent analysis beyond the PSR
(B) a mechanical, factor-by-factor recital
(C) controlling weight over the advisory Guidelines
(D) only passing mention
(E) actual consideration",no independent analysis beyond the PSR,"a mechanical, factor-by-factor recital",controlling weight over the advisory Guidelines,only passing mention,actual consideration,"[""a mechanical, factor-by-factor recital"", ""controlling weight over the advisory Guidelines"", ""only passing mention"", ""no independent analysis beyond the PSR""]","According to the opinion 'United States v. Justin Cutbank', the record showed that the district court gave the § 3553(a) factors actual consideration",,,6,Multi-Fact Integration,"['At sentencing, the court noted its review of the PSR and sentencing memoranda and reviewed § 3553(a) factors that could warrant a variance.', '“To uphold the sentence, we do not require a district court to provide a mechanical recitation of the factors it weighed; it simply must be clear from the record that the district court actually considered the § 3553(a) factors in determining the sentence.”']","['At sentencing, the court noted its review of the PSR and sentencing memoranda and reviewed § 3553(a) factors that could warrant a variance.', '“To uphold the sentence, we do not require a district court to provide a mechanical recitation of the factors it weighed; it simply must be clear from the record that the district court actually considered the § 3553(a) factors in determining the sentence.”']","['At sentencing, the court noted its review of the PSR and sentencing memoranda and reviewed § 3553(a) factors that could warrant a variance.', '“To uphold the sentence, we do not require a district court to provide a mechanical recitation of the factors it weighed; it simply must be clear from the record that the district court actually considered the § 3553(a) factors in determining the sentence.”']","Because the court reviewed the sentencing materials and variance-related factors, the record showed the required substantive engagement even without a formulaic factor-by-factor recital.",What did the record show about the district court’s treatment of the § 3553(a) factors?,actual consideration,United_States_v_Justin_Cutbank,1
"According to the opinion 'United States v. Justin Cutbank', assuming one of the evidentiary rulings had been mistaken, the court’s harmless-error and cumulative-error statements together implied that the conviction would still stand, with",no reversal,(A),"According to the opinion 'United States v. Justin Cutbank', assuming one of the evidentiary rulings had been mistaken, the court’s harmless-error and cumulative-error statements together implied that the conviction would still stand, with
(A) no reversal
(B) reversal because the jury was substantially swayed
(C) reversal for substantial prejudice
(D) a new trial on cumulative-error grounds
(E) remand for reconsideration of the evidentiary rulings",no reversal,reversal because the jury was substantially swayed,reversal for substantial prejudice,a new trial on cumulative-error grounds,remand for reconsideration of the evidentiary rulings,"[""reversal for substantial prejudice"", ""a new trial on cumulative-error grounds"", ""remand for reconsideration of the evidentiary rulings"", ""reversal because the jury was substantially swayed""]","According to the opinion 'United States v. Justin Cutbank', assuming one of the evidentiary rulings had been mistaken, the court’s harmless-error and cumulative-error statements together implied that the conviction would still stand, with no reversal",,,2,Synthesized Insight,"['“this court will not reverse an erroneous evidentiary ruling if the error was harmless. . . . In other words, we will reverse only if the jury may have been substantially swayed by the improperly admitted evidence.”', 'The government’s evidence, both testimonial and physical, was substantial.', 'Thus, the district court’s evidentiary rulings “did not influence or had only a slight influence on the verdict.”', '“We will not overturn a conviction based on the cumulative effect of trial errors unless there is substantial prejudice to the defendant.”']","['“this court will not reverse an erroneous evidentiary ruling if the error was harmless. . . . In other words, we will reverse only if the jury may have been substantially swayed by the improperly admitted evidence.”', 'The government’s evidence, both testimonial and physical, was substantial.', 'Thus, the district court’s evidentiary rulings “did not influence or had only a slight influence on the verdict.”', '“We will not overturn a conviction based on the cumulative effect of trial errors unless there is substantial prejudice to the defendant.”']","['“this court will not reverse an erroneous evidentiary ruling if the error was harmless. . . . In other words, we will reverse only if the jury may have been substantially swayed by the improperly admitted evidence.”', 'The government’s evidence, both testimonial and physical, was substantial.', 'Thus, the district court’s evidentiary rulings “did not influence or had only a slight influence on the verdict.”', '“We will not overturn a conviction based on the cumulative effect of trial errors unless there is substantial prejudice to the defendant.”']","If the evidence against Cutbank was substantial and any evidentiary mistakes had at most a slight effect on the verdict, then neither individual nor cumulative error justified upsetting the conviction.","Assuming one of the evidentiary rulings had been mistaken, what do the court’s harmless-error and cumulative-error statements together imply about the conviction?",no reversal,United_States_v_Justin_Cutbank,2
"According to the opinion 'United States v. Justin Cutbank', combining Cutbank’s prior record with the offense conduct the court recounted, the common aggravating theme that supported affirming the within-range 292-month sentence was",violence and firearms,(A),"According to the opinion 'United States v. Justin Cutbank', combining Cutbank’s prior record with the offense conduct the court recounted, the common aggravating theme that supported affirming the within-range 292-month sentence was
(A) violence and firearms
(B) assault in the victim’s home and injury to a police officer
(C) domestic abuse and child endangerment
(D) kidnapping and resistance to arrest
(E) recidivism and disregard for law enforcement",violence and firearms,assault in the victim’s home and injury to a police officer,domestic abuse and child endangerment,kidnapping and resistance to arrest,recidivism and disregard for law enforcement,"[""domestic abuse and child endangerment"", ""kidnapping and resistance to arrest"", ""recidivism and disregard for law enforcement"", ""assault in the victim\u2019s home and injury to a police officer""]","According to the opinion 'United States v. Justin Cutbank', combining Cutbank’s prior record with the offense conduct the court recounted, the common aggravating theme that supported affirming the within-range 292-month sentence was violence and firearms",,,5,Synthesized Insight,"['Cutback had nearly a dozen prior felony convictions, many involving violence and firearms.', 'The offense of conviction involved domestic abuse, kidnaping, assault in the victim’s home in the presence of her children, and injuring a police officer while resisting arrest.', 'The district court did not abuse its substantial sentencing discretion and impose a substantively unreasonable sentence when it sentenced Cutback to a withinrange 292-month term of imprisonment.']","['Cutback had nearly a dozen prior felony convictions, many involving violence and firearms.', 'The offense of conviction involved domestic abuse, kidnaping, assault in the victim’s home in the presence of her children, and injuring a police officer while resisting arrest.', 'The district court did not abuse its substantial sentencing discretion and impose a substantively unreasonable sentence when it sentenced Cutback to a withinrange 292-month term of imprisonment.']","['Cutback had nearly a dozen prior felony convictions, many involving violence and firearms.', 'The offense of conviction involved domestic abuse, kidnaping, assault in the victim’s home in the presence of her children, and injuring a police officer while resisting arrest.', 'The district court did not abuse its substantial sentencing discretion and impose a substantively unreasonable sentence when it sentenced Cutback to a withinrange 292-month term of imprisonment.']",The court linked both his prior record and the charged conduct through a shared aggravating pattern that supported affirming the sentence.,"Combining Cutbank’s prior record with the offense conduct the court recounted, what common aggravating theme supported affirming the within-range 292-month sentence?",violence and firearms,United_States_v_Justin_Cutbank,3
"According to the opinion 'Williams v. GoAuto Insurance,' when APAC's e-mail reached GoAuto's web service before cancellation, GoAuto had",receipt of the cancellation request,(C),"According to the opinion 'Williams v. GoAuto Insurance,' when APAC's e-mail reached GoAuto's web service before cancellation, GoAuto had
(A) constructive notice of APAC’s intent to cancel the policy
(B) acceptance of APAC’s cancellation request by a GoAuto employee
(C) receipt of the cancellation request
(D) physical possession of the policy documents
(E) confirmation that the cancellation had already become effective",constructive notice of APAC’s intent to cancel the policy,acceptance of APAC’s cancellation request by a GoAuto employee,receipt of the cancellation request,physical possession of the policy documents,confirmation that the cancellation had already become effective,"[""constructive notice of APAC\u2019s intent to cancel the policy"", ""confirmation that the cancellation had already become effective"", ""physical possession of the policy documents"", ""acceptance of APAC\u2019s cancellation request by a GoAuto employee""]","According to the opinion 'Williams v. GoAuto Insurance,' when APAC's e-mail reached GoAuto's web service before cancellation, GoAuto had receipt of the cancellation request",,,1,Multi-Fact Integration,"['A leading law dictionary defines “receipt” as ""[t]he act of receiving something, esp[ecially] by taking physical possession,"" and ""receive"" as ""[t]o take (something offered, given, sent, etc.); to come into possession of or get from some outside source.""', 'We accept these definitions and conclude that GoAuto may cancel a policy once it takes possession, delivery, or custody of a request for cancellation.', 'As we explained, once the e-mailed notice is received in early morning hours by GoAuto’s computer system, that computer system cancels the policy.']","['A leading law dictionary defines “receipt” as ""[t]he act of receiving something, esp[ecially] by taking physical possession,"" and ""receive"" as ""[t]o take (something offered, given, sent, etc.); to come into possession of or get from some outside source.""', 'We accept these definitions and conclude that GoAuto may cancel a policy once it takes possession, delivery, or custody of a request for cancellation.', 'As we explained, once the e-mailed notice is received in early morning hours by GoAuto’s computer system, that computer system cancels the policy.']","['A leading law dictionary defines “receipt” as ""[t]he act of receiving something, esp[ecially] by taking physical possession,"" and ""receive"" as ""[t]o take (something offered, given, sent, etc.); to come into possession of or get from some outside source.""', 'We accept these definitions and conclude that GoAuto may cancel a policy once it takes possession, delivery, or custody of a request for cancellation.', 'As we explained, once the e-mailed notice is received in early morning hours by GoAuto’s computer system, that computer system cancels the policy.']","The court treated the email reaching GoAuto’s computer system as GoAuto’s taking possession, delivery, or custody of the request, which satisfies receipt before cancellation.","Applying the panel’s definition of “receipt,” what did GoAuto have before its system canceled the policy when the email reached GoAuto’s web service?",receipt of notice of cancellation,Williams_v_GoAuto_Insurance,0
"According to the opinion 'Williams v. GoAuto Insurance,' APAC's automatic midnight trigger most directly served the statutory function of fixing",the exact cancellation time,(D),"According to the opinion 'Williams v. GoAuto Insurance,' APAC's automatic midnight trigger most directly served the statutory function of fixing
(A) the effective date of any policy reinstatement
(B) the minimum time to cure the default
(C) the insured's payment deadline under the notice
(D) the exact cancellation time
(E) the date the cancellation request was received by GoAuto",the effective date of any policy reinstatement,the minimum time to cure the default,the insured's payment deadline under the notice,the exact cancellation time,the date the cancellation request was received by GoAuto,"[""the minimum time to cure the default"", ""the insured's payment deadline under the notice"", ""the date the cancellation request was received by GoAuto"", ""the effective date of any policy reinstatement""]","According to the opinion 'Williams v. GoAuto Insurance,' APAC's automatic midnight trigger most directly served the statutory function of fixing the exact cancellation time",,,2,Reasoning Step,"['Strict adherence to the statute “serves two functions: (1) it provides a clear method of fixing the exact time and date of cancellation, and (2) it grants a minimum time during which the default may be cured.”', 'When an insured fails to make timely payment, APAC sends notice to the insured that their policy will be cancelled if no payment is submitted within ten days.', 'If no payment is submitted by midnight on the tenth day, APAC’s computer system automatically sends GoAuto an e-mail with a copy of the notice of cancellation along with a request for cancellation.']","['Strict adherence to the statute “serves two functions: (1) it provides a clear method of fixing the exact time and date of cancellation, and (2) it grants a minimum time during which the default may be cured.”', 'When an insured fails to make timely payment, APAC sends notice to the insured that their policy will be cancelled if no payment is submitted within ten days.', 'If no payment is submitted by midnight on the tenth day, APAC’s computer system automatically sends GoAuto an e-mail with a copy of the notice of cancellation along with a request for cancellation.']","['Strict adherence to the statute “serves two functions: (1) it provides a clear method of fixing the exact time and date of cancellation, and (2) it grants a minimum time during which the default may be cured.”', 'When an insured fails to make timely payment, APAC sends notice to the insured that their policy will be cancelled if no payment is submitted within ten days.', 'If no payment is submitted by midnight on the tenth day, APAC’s computer system automatically sends GoAuto an e-mail with a copy of the notice of cancellation along with a request for cancellation.']","An automatic trigger at midnight on the tenth day most directly fixes a definite cancellation moment, matching the statute’s timing function.",Which stated function of strict adherence is directly reinforced by APAC’s automatic email being triggered at midnight on the tenth day?,exact time and date,Williams_v_GoAuto_Insurance,1
"According to the opinion 'Williams v. GoAuto Insurance,' if APAC's notice omitted the required statutory certification statements, strict adherence would make the resulting cancellation",ineffective,(E),"According to the opinion 'Williams v. GoAuto Insurance,' if APAC's notice omitted the required statutory certification statements, strict adherence would make the resulting cancellation
(A) effective upon mailing to the insurer
(B) presumptively valid
(C) voidable only at the insured's election
(D) effective
(E) ineffective",effective upon mailing to the insurer,presumptively valid,voidable only at the insured's election,effective,ineffective,"[""effective"", ""presumptively valid"", ""voidable only at the insured's election"", ""effective upon mailing to the insurer""]","According to the opinion 'Williams v. GoAuto Insurance,' if APAC's notice omitted the required statutory certification statements, strict adherence would make the resulting cancellation ineffective",,,5,Synthesized Insight,"['Under Louisiana law, an insurance-premium finance company may request cancellation of an insurance policy upon an uncured default “by sending to the insurer, by depositing in the mail or with a private carrier, or via electronic mail . . . a copy of the notice of cancellation together with a statement certifying” the following: (i) The premium finance agreement contains a valid power of attorney as provided in Paragraph (1) of this Subsection. (ii) The premium finance agreement is in default and the default has not been timely cured. (iii) Upon default, a notice of cancellation was sent to the insured as provided in Paragraph (2) of this Subsection, specifying the date of sending by the premium finance company to the insured. (iv) Copies of the notice of cancellation were sent to all persons shown by the premium finance agreement to have an interest in any loss which may occur thereunder, specifying the names and addresses of any governmental agencies, holders of a security interest in the insured property, or third parties to whom the insurance premium finance company has sent notice of cancellation.', '“Louisiana courts require strict adherence to these statutory requirements when a finance company exercises its power of attorney to cancel an insurance policy.”', '“[A]ny defect in this process results in an ineffective cancellation of the policy.”']","['Under Louisiana law, an insurance-premium finance company may request cancellation of an insurance policy upon an uncured default “by sending to the insurer, by depositing in the mail or with a private carrier, or via electronic mail . . . a copy of the notice of cancellation together with a statement certifying” the following: (i) The premium finance agreement contains a valid power of attorney as provided in Paragraph (1) of this Subsection. (ii) The premium finance agreement is in default and the default has not been timely cured. (iii) Upon default, a notice of cancellation was sent to the insured as provided in Paragraph (2) of this Subsection, specifying the date of sending by the premium finance company to the insured. (iv) Copies of the notice of cancellation were sent to all persons shown by the premium finance agreement to have an interest in any loss which may occur thereunder, specifying the names and addresses of any governmental agencies, holders of a security interest in the insured property, or third parties to whom the insurance premium finance company has sent notice of cancellation.', '“Louisiana courts require strict adherence to these statutory requirements when a finance company exercises its power of attorney to cancel an insurance policy.”', '“[A]ny defect in this process results in an ineffective cancellation of the policy.”']","['Under Louisiana law, an insurance-premium finance company may request cancellation of an insurance policy upon an uncured default “by sending to the insurer, by depositing in the mail or with a private carrier, or via electronic mail . . . a copy of the notice of cancellation together with a statement certifying” the following: (i) The premium finance agreement contains a valid power of attorney as provided in Paragraph (1) of this Subsection. (ii) The premium finance agreement is in default and the default has not been timely cured. (iii) Upon default, a notice of cancellation was sent to the insured as provided in Paragraph (2) of this Subsection, specifying the date of sending by the premium finance company to the insured. (iv) Copies of the notice of cancellation were sent to all persons shown by the premium finance agreement to have an interest in any loss which may occur thereunder, specifying the names and addresses of any governmental agencies, holders of a security interest in the insured property, or third parties to whom the insurance premium finance company has sent notice of cancellation.', '“Louisiana courts require strict adherence to these statutory requirements when a finance company exercises its power of attorney to cancel an insurance policy.”', '“[A]ny defect in this process results in an ineffective cancellation of the policy.”']","If the notice omitted the required certification statements, that omission would be a defect in the cancellation process, which the opinion says makes the cancellation ineffective.","If APAC’s notice had failed to include the required statutory certification statements, what would the opinion’s strict-adherence rule make the resulting cancellation?",ineffective cancellation,Williams_v_GoAuto_Insurance,2
"According to the opinion 'Williams v. GoAuto Insurance,' because the statute made the company itself the certifying actor, APAC's notice required",no named employee,(A),"According to the opinion 'Williams v. GoAuto Insurance,' because the statute made the company itself the certifying actor, APAC's notice required
(A) no named employee
(B) a signature from the employee who certified the notice
(C) the printed name of the insurance premium finance company’s agent
(D) a named company representative
(E) identification of the employee who mailed the cancellation",no named employee,a signature from the employee who certified the notice,the printed name of the insurance premium finance company’s agent,a named company representative,identification of the employee who mailed the cancellation,"[""a named company representative"", ""a signature from the employee who certified the notice"", ""identification of the employee who mailed the cancellation"", ""the printed name of the insurance premium finance company\u2019s agent""]","According to the opinion 'Williams v. GoAuto Insurance,' because the statute made the company itself the certifying actor, APAC's notice required no named employee",,,10,Synthesized Insight,"['The statutory section itself states it is “the insurance premium finance company” who effects cancellation by “certifying” certain information in a notice.', 'Without clearer Louisiana authority, we see no reason that a company cannot certify information without a named employee being identified.']","['The statutory section itself states it is “the insurance premium finance company” who effects cancellation by “certifying” certain information in a notice.', 'Without clearer Louisiana authority, we see no reason that a company cannot certify information without a named employee being identified.']","['The statutory section itself states it is “the insurance premium finance company” who effects cancellation by “certifying” certain information in a notice.', 'Without clearer Louisiana authority, we see no reason that a company cannot certify information without a named employee being identified.']","Since the statute assigns the certifying role to the company itself, the court inferred that identifying a particular employee is unnecessary.","Because the statute speaks of the company itself doing the certifying, what did the court conclude about listing or signing an individual employee on the notice?",no named employee required,Williams_v_GoAuto_Insurance,3
