probe,target,correct_label,formatted_question,option_a,option_b,option_c,option_d,option_e,distractors,fact,raw_knowledge_statement,section,inference_type,source_fact(s),source_facts,text_sentences,derivation,question,answer,formatted_question_5shot,contextualized_question,v13_mcqa_row_index,v13_source_row_index,v13_original_row_index
"According to the legal opinion ""Jimenez v Bondi"", if Colombian authorities had already carried out several searches and seizures at Don Rafa’s property, what did that suggest about Petitioners’ argument that seeking government help would have been pointless because the persecutors were aligned with the government?",futility was not shown,(C),"According to the legal opinion ""Jimenez v Bondi"", if Colombian authorities had already carried out several searches and seizures at Don Rafa’s property, what did that suggest about Petitioners’ argument that seeking government help would have been pointless because the persecutors were aligned with the government?
(A) official unwillingness was demonstrated
(B) state protection was deemed unavailable
(C) futility was not shown
(D) danger in seeking help was confirmed
(E) government alignment was established",official unwillingness was demonstrated,state protection was deemed unavailable,futility was not shown,danger in seeking help was confirmed,government alignment was established,"[""government alignment was established"", ""official unwillingness was demonstrated"", ""danger in seeking help was confirmed"", ""state protection was deemed unavailable""]","According to the opinion 'Jimenez v. Bondi', if Colombian authorities had already tried several searches and seizures at Don Rafa’s property, that undercut Petitioners’ argument that asking for help would have been futile because the persecutors were aligned with the government, so futility was not shown",,,Synthesized Insight,"['Petitioners seemingly argue that contacting the government for help would have been futile and dangerous because their persecutors are closely aligned and associated with the Colombian government. But that too is unsupported by the record.', 'The government was aware of the property at issue and had attempted several searches and seizures to address the ongoing criminal conduct there.', 'In other words, the evidence counters Petitioners’ argument that their persecutors are closely aligned with the government and would be unwilling or unable to stop the persecutors.']","['Petitioners seemingly argue that contacting the government for help would have been futile and dangerous because their persecutors are closely aligned and associated with the Colombian government. But that too is unsupported by the record.', 'The government was aware of the property at issue and had attempted several searches and seizures to address the ongoing criminal conduct there.', 'In other words, the evidence counters Petitioners’ argument that their persecutors are closely aligned with the government and would be unwilling or unable to stop the persecutors.']","['Petitioners seemingly argue that contacting the government for help would have been futile and dangerous because their persecutors are closely aligned and associated with the Colombian government. But that too is unsupported by the record.', 'The government was aware of the property at issue and had attempted several searches and seizures to address the ongoing criminal conduct there.', 'In other words, the evidence counters Petitioners’ argument that their persecutors are closely aligned with the government and would be unwilling or unable to stop the persecutors.']",Government searches and seizures at the property cut against the claim that officials were so aligned with Don Rafa that seeking help would have been useless or dangerous.,"If Colombian authorities had already tried several searches and seizures at Don Rafa’s property, what did that imply about Petitioners’ claim that asking for help would have been futile because the persecutors were aligned with the government?",futility was not shown,"Question: Which city is the capital of France?
(A) Paris
(B) Berlin
(C) Madrid
(D) Rome
(E) Lisbon
Answer: (A)

Question: Which planet is the largest in the Solar System?
(A) Earth
(B) Jupiter
(C) Saturn
(D) Venus
(E) Mars
Answer: (B)

Question: What is the chemical formula for water?
(A) CO2
(B) O2
(C) H2O
(D) NaCl
(E) CH4
Answer: (C)

Question: What process do plants use to convert sunlight into chemical energy?
(A) Respiration
(B) Fermentation
(C) Evaporation
(D) Photosynthesis
(E) Condensation
Answer: (D)

Question: What is the primary function of red blood cells?
(A) Transmit nerve signals
(B) Produce bile
(C) Filter lymph
(D) Digest proteins
(E) Carry oxygen
Answer: (E)

Question: According to the legal opinion ""Jimenez v Bondi"", if Colombian authorities had already carried out several searches and seizures at Don Rafa’s property, what did that suggest about Petitioners’ argument that seeking government help would have been pointless because the persecutors were aligned with the government?
(A) official unwillingness was demonstrated
(B) state protection was deemed unavailable
(C) futility was not shown
(D) danger in seeking help was confirmed
(E) government alignment was established","According to the legal opinion ""Jimenez v Bondi"", if Colombian authorities had already carried out several searches and seizures at Don Rafa’s property, what did that suggest about Petitioners’ argument that seeking government help would have been pointless because the persecutors were aligned with the government?",0,3,4
"In the legal opinion ""Jimenez v. Bondi"", after the court concluded that the Petitioners did not satisfy the asylum standard, which additional claim did the court say necessarily failed too?",withholding of removal,(D),"In the legal opinion ""Jimenez v. Bondi"", after the court concluded that the Petitioners did not satisfy the asylum standard, which additional claim did the court say necessarily failed too?
(A) cancellation of removal
(B) protection under the Convention Against Torture
(C) adjustment of status
(D) withholding of removal
(E) voluntary departure",cancellation of removal,protection under the Convention Against Torture,adjustment of status,withholding of removal,voluntary departure,"[""protection under the Convention Against Torture"", ""cancellation of removal"", ""voluntary departure"", ""adjustment of status""]","According to the opinion 'Jimenez v. Bondi', once the court held that Petitioners failed the asylum standard, the claim that necessarily failed as well was withholding of removal",,,Reasoning Step,"['In sum, there is substantial evidence supporting the BIA’s findings that Petitioners do not qualify for asylum.', 'And because Petitioners fail to demonstrate a well-founded fear of persecution under asylum standards, they necessarily fail to meet the higher standard for withholding of removal.']","['In sum, there is substantial evidence supporting the BIA’s findings that Petitioners do not qualify for asylum.', 'And because Petitioners fail to demonstrate a well-founded fear of persecution under asylum standards, they necessarily fail to meet the higher standard for withholding of removal.']","['In sum, there is substantial evidence supporting the BIA’s findings that Petitioners do not qualify for asylum.', 'And because Petitioners fail to demonstrate a well-founded fear of persecution under asylum standards, they necessarily fail to meet the higher standard for withholding of removal.']","The opinion expressly treats withholding as requiring more than asylum, so failure on asylum necessarily defeats withholding too.","Once the court held that Petitioners failed the asylum standard, what claim necessarily failed as well?",withholding of removal,"Question: Which city is the capital of France?
(A) Paris
(B) Berlin
(C) Madrid
(D) Rome
(E) Lisbon
Answer: (A)

Question: Which planet is the largest in the Solar System?
(A) Earth
(B) Jupiter
(C) Saturn
(D) Venus
(E) Mars
Answer: (B)

Question: What is the chemical formula for water?
(A) CO2
(B) O2
(C) H2O
(D) NaCl
(E) CH4
Answer: (C)

Question: What process do plants use to convert sunlight into chemical energy?
(A) Respiration
(B) Fermentation
(C) Evaporation
(D) Photosynthesis
(E) Condensation
Answer: (D)

Question: What is the primary function of red blood cells?
(A) Transmit nerve signals
(B) Produce bile
(C) Filter lymph
(D) Digest proteins
(E) Carry oxygen
Answer: (E)

Question: In the legal opinion ""Jimenez v. Bondi"", after the court concluded that the Petitioners did not satisfy the asylum standard, which additional claim did the court say necessarily failed too?
(A) cancellation of removal
(B) protection under the Convention Against Torture
(C) adjustment of status
(D) withholding of removal
(E) voluntary departure","In the legal opinion ""Jimenez v. Bondi"", after the court concluded that the Petitioners did not satisfy the asylum standard, which additional claim did the court say necessarily failed too?",1,1,1
"According to the legal opinion ""Jimenez v Bondi"", if the Immigration Judge accepted the Petitioners as credible but still concluded that they had not met the required asylum elements, what did their case still fail to establish besides credibility?",proof of refugee status,(E),"According to the legal opinion ""Jimenez v Bondi"", if the Immigration Judge accepted the Petitioners as credible but still concluded that they had not met the required asylum elements, what did their case still fail to establish besides credibility?
(A) grounds for withholding of removal
(B) evidence of direct government persecution
(C) eligibility for CAT protection
(D) corroboration for otherwise credible testimony
(E) proof of refugee status",grounds for withholding of removal,evidence of direct government persecution,eligibility for CAT protection,corroboration for otherwise credible testimony,proof of refugee status,"[""corroboration for otherwise credible testimony"", ""evidence of direct government persecution"", ""eligibility for CAT protection"", ""grounds for withholding of removal""]","According to the opinion 'Jimenez v. Bondi', if the IJ accepted Petitioners as credible but still found they failed to establish the required asylum elements, their case lacked proof of refugee status",,,Multi-Fact Integration,"['Although the IJ found Petitioners to be credible, the IJ concluded that Petitioners failed to establish: (1) their harm amounted to past persecution; (2) a nexus to a statutorily protected ground; (3) internal relocation was not reasonably available; and (4) the Colombian government is unable or unwilling to protect them from their persecutors.', 'To be eligible for a discretionary grant of asylum, an applicant bears the burden of proving by a preponderance of the evidence that he is a refugee.']","['Although the IJ found Petitioners to be credible, the IJ concluded that Petitioners failed to establish: (1) their harm amounted to past persecution; (2) a nexus to a statutorily protected ground; (3) internal relocation was not reasonably available; and (4) the Colombian government is unable or unwilling to protect them from their persecutors.', 'To be eligible for a discretionary grant of asylum, an applicant bears the burden of proving by a preponderance of the evidence that he is a refugee.']","['Although the IJ found Petitioners to be credible, the IJ concluded that Petitioners failed to establish: (1) their harm amounted to past persecution; (2) a nexus to a statutorily protected ground; (3) internal relocation was not reasonably available; and (4) the Colombian government is unable or unwilling to protect them from their persecutors.', 'To be eligible for a discretionary grant of asylum, an applicant bears the burden of proving by a preponderance of the evidence that he is a refugee.']","If the testimony was credited but the required elements still were not established, the defect was failure to prove refugee eligibility rather than disbelief.","If the IJ accepted Petitioners as credible but still found they failed to establish the required asylum elements, what was missing from their case besides credibility?",proof of refugee status,"Question: Which city is the capital of France?
(A) Paris
(B) Berlin
(C) Madrid
(D) Rome
(E) Lisbon
Answer: (A)

Question: Which planet is the largest in the Solar System?
(A) Earth
(B) Jupiter
(C) Saturn
(D) Venus
(E) Mars
Answer: (B)

Question: What is the chemical formula for water?
(A) CO2
(B) O2
(C) H2O
(D) NaCl
(E) CH4
Answer: (C)

Question: What process do plants use to convert sunlight into chemical energy?
(A) Respiration
(B) Fermentation
(C) Evaporation
(D) Photosynthesis
(E) Condensation
Answer: (D)

Question: What is the primary function of red blood cells?
(A) Transmit nerve signals
(B) Produce bile
(C) Filter lymph
(D) Digest proteins
(E) Carry oxygen
Answer: (E)

Question: According to the legal opinion ""Jimenez v Bondi"", if the Immigration Judge accepted the Petitioners as credible but still concluded that they had not met the required asylum elements, what did their case still fail to establish besides credibility?
(A) grounds for withholding of removal
(B) evidence of direct government persecution
(C) eligibility for CAT protection
(D) corroboration for otherwise credible testimony
(E) proof of refugee status","According to the legal opinion ""Jimenez v Bondi"", if the Immigration Judge accepted the Petitioners as credible but still concluded that they had not met the required asylum elements, what did their case still fail to establish besides credibility?",2,4,6
"According to the legal opinion ""Jimenez v. Bondi"", given that Petitioners safely lived with Jimenez’s mother in the Bogota countryside for three weeks and were told to leave only the local area rather than the country, at what geographic level did the danger appear to be concentrated?",their neighborhood,(D),"According to the legal opinion ""Jimenez v. Bondi"", given that Petitioners safely lived with Jimenez’s mother in the Bogota countryside for three weeks and were told to leave only the local area rather than the country, at what geographic level did the danger appear to be concentrated?
(A) the entire country of Colombia
(B) the broader region around Bogotá
(C) the Bogotá countryside
(D) their neighborhood
(E) the city of Bogotá as a whole",the entire country of Colombia,the broader region around Bogotá,the Bogotá countryside,their neighborhood,the city of Bogotá as a whole,"[""the city of Bogot\u00e1 as a whole"", ""the Bogot\u00e1 countryside"", ""the entire country of Colombia"", ""the broader region around Bogot\u00e1""]","According to the opinion 'Jimenez v. Bondi', those facts suggest that the danger was focused at the geographic level of their neighborhood",,,Reasoning Step,"['Notably, Petitioners safely lived with Jimenez’s mother in the Bogota countryside for three weeks before deciding to relocate to the United States.', 'And recall that the men who threatened Petitioners told them to move out of the neighborhood; they did not threaten the family to move out of the country.']","['Notably, Petitioners safely lived with Jimenez’s mother in the Bogota countryside for three weeks before deciding to relocate to the United States.', 'And recall that the men who threatened Petitioners told them to move out of the neighborhood; they did not threaten the family to move out of the country.']","['Notably, Petitioners safely lived with Jimenez’s mother in the Bogota countryside for three weeks before deciding to relocate to the United States.', 'And recall that the men who threatened Petitioners told them to move out of the neighborhood; they did not threaten the family to move out of the country.']",A safe stay elsewhere in Bogota and a threat to leave only the neighborhood imply a localized rather than countrywide danger.,Those facts suggest the danger was focused at what geographic level?,their neighborhood,"Question: Which city is the capital of France?
(A) Paris
(B) Berlin
(C) Madrid
(D) Rome
(E) Lisbon
Answer: (A)

Question: Which planet is the largest in the Solar System?
(A) Earth
(B) Jupiter
(C) Saturn
(D) Venus
(E) Mars
Answer: (B)

Question: What is the chemical formula for water?
(A) CO2
(B) O2
(C) H2O
(D) NaCl
(E) CH4
Answer: (C)

Question: What process do plants use to convert sunlight into chemical energy?
(A) Respiration
(B) Fermentation
(C) Evaporation
(D) Photosynthesis
(E) Condensation
Answer: (D)

Question: What is the primary function of red blood cells?
(A) Transmit nerve signals
(B) Produce bile
(C) Filter lymph
(D) Digest proteins
(E) Carry oxygen
Answer: (E)

Question: According to the legal opinion ""Jimenez v. Bondi"", given that Petitioners safely lived with Jimenez’s mother in the Bogota countryside for three weeks and were told to leave only the local area rather than the country, at what geographic level did the danger appear to be concentrated?
(A) the entire country of Colombia
(B) the broader region around Bogotá
(C) the Bogotá countryside
(D) their neighborhood
(E) the city of Bogotá as a whole","According to the legal opinion ""Jimenez v. Bondi"", given that Petitioners safely lived with Jimenez’s mother in the Bogota countryside for three weeks and were told to leave only the local area rather than the country, at what geographic level did the danger appear to be concentrated?",3,6,11
"According to the legal opinion ""Jimenez v. Bondi"", if the Petitioners had established past persecution and obtained the resulting presumption of a well-founded fear of future persecution, what way did the opinion say the government could still use to rebut that presumption?",relocating to another part of Colombia,(A),"According to the legal opinion ""Jimenez v. Bondi"", if the Petitioners had established past persecution and obtained the resulting presumption of a well-founded fear of future persecution, what way did the opinion say the government could still use to rebut that presumption?
(A) relocating to another part of Colombia
(B) seeking protection from Colombian authorities in their home area
(C) waiting for a fundamental change in conditions in Colombia
(D) abandoning their political activities and living anonymously in Bogotá
(E) moving to a neighboring country outside Colombia",relocating to another part of Colombia,seeking protection from Colombian authorities in their home area,waiting for a fundamental change in conditions in Colombia,abandoning their political activities and living anonymously in Bogotá,moving to a neighboring country outside Colombia,"[""seeking protection from Colombian authorities in their home area"", ""waiting for a fundamental change in conditions in Colombia"", ""moving to a neighboring country outside Colombia"", ""abandoning their political activities and living anonymously in Bogot\u00e1""]","According to the opinion 'Jimenez v. Bondi', even if Petitioners had established past persecution and gained the presumption, the government could still have rebutted it by showing that they could avoid future persecution by relocating to another part of Colombia",,,Multi-Fact Integration,"['One way an applicant may obtain refugee status is “through a showing of past persecution, which gives rise to a rebuttable presumption of a well-founded fear of future persecution.”', 'The government may rebut an applicant’s presumption of a well-founded fear of future persecution and prevent his asylum application if it shows by a preponderance of the evidence that: “(1) there has been a ‘fundamental change’ in circumstances, such that the applicant no longer has a well-founded fear of persecution; or (2) the applicant could avoid future persecution by relocating to another part of the applicant’s country.”', 'Petitioners have not demonstrated a fear of future persecution, but even if they had, the record supports the finding that they could reasonably relocate to another part of Colombia.']","['One way an applicant may obtain refugee status is “through a showing of past persecution, which gives rise to a rebuttable presumption of a well-founded fear of future persecution.”', 'The government may rebut an applicant’s presumption of a well-founded fear of future persecution and prevent his asylum application if it shows by a preponderance of the evidence that: “(1) there has been a ‘fundamental change’ in circumstances, such that the applicant no longer has a well-founded fear of persecution; or (2) the applicant could avoid future persecution by relocating to another part of the applicant’s country.”', 'Petitioners have not demonstrated a fear of future persecution, but even if they had, the record supports the finding that they could reasonably relocate to another part of Colombia.']","['One way an applicant may obtain refugee status is “through a showing of past persecution, which gives rise to a rebuttable presumption of a well-founded fear of future persecution.”', 'The government may rebut an applicant’s presumption of a well-founded fear of future persecution and prevent his asylum application if it shows by a preponderance of the evidence that: “(1) there has been a ‘fundamental change’ in circumstances, such that the applicant no longer has a well-founded fear of persecution; or (2) the applicant could avoid future persecution by relocating to another part of the applicant’s country.”', 'Petitioners have not demonstrated a fear of future persecution, but even if they had, the record supports the finding that they could reasonably relocate to another part of Colombia.']","Even if the presumption had arisen from past persecution, the court identified relocation elsewhere in Colombia as a stated way to rebut it.","Even if Petitioners had established past persecution and gained the presumption, what stated ground could still have rebutted it?",relocating to another part of Colombia,"Question: Which city is the capital of France?
(A) Paris
(B) Berlin
(C) Madrid
(D) Rome
(E) Lisbon
Answer: (A)

Question: Which planet is the largest in the Solar System?
(A) Earth
(B) Jupiter
(C) Saturn
(D) Venus
(E) Mars
Answer: (B)

Question: What is the chemical formula for water?
(A) CO2
(B) O2
(C) H2O
(D) NaCl
(E) CH4
Answer: (C)

Question: What process do plants use to convert sunlight into chemical energy?
(A) Respiration
(B) Fermentation
(C) Evaporation
(D) Photosynthesis
(E) Condensation
Answer: (D)

Question: What is the primary function of red blood cells?
(A) Transmit nerve signals
(B) Produce bile
(C) Filter lymph
(D) Digest proteins
(E) Carry oxygen
Answer: (E)

Question: According to the legal opinion ""Jimenez v. Bondi"", if the Petitioners had established past persecution and obtained the resulting presumption of a well-founded fear of future persecution, what way did the opinion say the government could still use to rebut that presumption?
(A) relocating to another part of Colombia
(B) seeking protection from Colombian authorities in their home area
(C) waiting for a fundamental change in conditions in Colombia
(D) abandoning their political activities and living anonymously in Bogotá
(E) moving to a neighboring country outside Colombia","According to the legal opinion ""Jimenez v. Bondi"", if the Petitioners had established past persecution and obtained the resulting presumption of a well-founded fear of future persecution, what way did the opinion say the government could still use to rebut that presumption?",4,2,3
"According to the legal opinion ""Jimenez v. Bondi"", what overall eligibility showing did the court say Petitioners could not make because they failed to show persecution, a connection to a statutorily protected ground, the Colombian government’s unwillingness or inability to help them, and that they could not safely relocate within Colombia?",refugee status,(E),"According to the legal opinion ""Jimenez v. Bondi"", what overall eligibility showing did the court say Petitioners could not make because they failed to show persecution, a connection to a statutorily protected ground, the Colombian government’s unwillingness or inability to help them, and that they could not safely relocate within Colombia?
(A) the Colombian government's unwillingness or inability to protect them
(B) a nexus to a statutorily protected ground
(C) inability to safely relocate within Colombia
(D) past persecution
(E) refugee status",the Colombian government's unwillingness or inability to protect them,a nexus to a statutorily protected ground,inability to safely relocate within Colombia,past persecution,refugee status,"[""past persecution"", ""a nexus to a statutorily protected ground"", ""the Colombian government's unwillingness or inability to protect them"", ""inability to safely relocate within Colombia""]","According to the opinion 'Jimenez v. Bondi', those combined failures prevented Petitioners from making the overarching eligibility showing of refugee status",,,Synthesized Insight,"['To be eligible for a discretionary grant of asylum, an applicant bears the burden of proving by a preponderance of the evidence that he is a refugee.', 'Petitioners fail to demonstrate that they suffered persecution, that their alleged persecution had a nexus to a statutorily protected ground, or that the Colombian government is unwilling or unable to help them. Nor does the record show that Petitioners cannot safely relocate within Colombia.']","['To be eligible for a discretionary grant of asylum, an applicant bears the burden of proving by a preponderance of the evidence that he is a refugee.', 'Petitioners fail to demonstrate that they suffered persecution, that their alleged persecution had a nexus to a statutorily protected ground, or that the Colombian government is unwilling or unable to help them. Nor does the record show that Petitioners cannot safely relocate within Colombia.']","['To be eligible for a discretionary grant of asylum, an applicant bears the burden of proving by a preponderance of the evidence that he is a refugee.', 'Petitioners fail to demonstrate that they suffered persecution, that their alleged persecution had a nexus to a statutorily protected ground, or that the Colombian government is unwilling or unable to help them. Nor does the record show that Petitioners cannot safely relocate within Colombia.']","Because asylum eligibility required proving refugee status and the court found multiple required components missing, Petitioners failed to establish that overall status.",What overarching eligibility showing did those combined failures prevent Petitioners from making?,refugee status,"Question: Which city is the capital of France?
(A) Paris
(B) Berlin
(C) Madrid
(D) Rome
(E) Lisbon
Answer: (A)

Question: Which planet is the largest in the Solar System?
(A) Earth
(B) Jupiter
(C) Saturn
(D) Venus
(E) Mars
Answer: (B)

Question: What is the chemical formula for water?
(A) CO2
(B) O2
(C) H2O
(D) NaCl
(E) CH4
Answer: (C)

Question: What process do plants use to convert sunlight into chemical energy?
(A) Respiration
(B) Fermentation
(C) Evaporation
(D) Photosynthesis
(E) Condensation
Answer: (D)

Question: What is the primary function of red blood cells?
(A) Transmit nerve signals
(B) Produce bile
(C) Filter lymph
(D) Digest proteins
(E) Carry oxygen
Answer: (E)

Question: According to the legal opinion ""Jimenez v. Bondi"", what overall eligibility showing did the court say Petitioners could not make because they failed to show persecution, a connection to a statutorily protected ground, the Colombian government’s unwillingness or inability to help them, and that they could not safely relocate within Colombia?
(A) the Colombian government's unwillingness or inability to protect them
(B) a nexus to a statutorily protected ground
(C) inability to safely relocate within Colombia
(D) past persecution
(E) refugee status","According to the legal opinion ""Jimenez v. Bondi"", what overall eligibility showing did the court say Petitioners could not make because they failed to show persecution, a connection to a statutorily protected ground, the Colombian government’s unwillingness or inability to help them, and that they could not safely relocate within Colombia?",5,0,0
"According to the legal opinion ""Jimenez v Bondi"", after the court reviewed the BIA’s factual findings under the substantial-evidence standard and concluded that the record supported the BIA’s determination that the petitioners did not qualify for asylum, what was the appellate disposition of the case?",petition denied,(E),"According to the legal opinion ""Jimenez v Bondi"", after the court reviewed the BIA’s factual findings under the substantial-evidence standard and concluded that the record supported the BIA’s determination that the petitioners did not qualify for asylum, what was the appellate disposition of the case?
(A) petition granted
(B) remanded to the BIA
(C) petition dismissed
(D) vacated and remanded
(E) petition denied",petition granted,remanded to the BIA,petition dismissed,vacated and remanded,petition denied,"[""petition granted"", ""petition dismissed"", ""vacated and remanded"", ""remanded to the BIA""]","According to the opinion 'Jimenez v. Bondi', given that standard of review and the court's view of the record, the appellate disposition that followed was petition denied",,,Synthesized Insight,"['“We review the BIA’s findings of fact under a substantial-evidence standard. Under this standard, the BIA’s findings of fact are conclusive unless the record demonstrates that any reasonable adjudicator would be compelled to conclude to the contrary.”', 'In sum, there is substantial evidence supporting the BIA’s findings that Petitioners do not qualify for asylum.']","['“We review the BIA’s findings of fact under a substantial-evidence standard. Under this standard, the BIA’s findings of fact are conclusive unless the record demonstrates that any reasonable adjudicator would be compelled to conclude to the contrary.”', 'In sum, there is substantial evidence supporting the BIA’s findings that Petitioners do not qualify for asylum.']","['“We review the BIA’s findings of fact under a substantial-evidence standard. Under this standard, the BIA’s findings of fact are conclusive unless the record demonstrates that any reasonable adjudicator would be compelled to conclude to the contrary.”', 'In sum, there is substantial evidence supporting the BIA’s findings that Petitioners do not qualify for asylum.']","Because the record did not compel a contrary factual conclusion and instead substantially supported the BIA, the court left the agency decision in place.","Given that standard of review and the court's view of the record, what appellate disposition followed?",petition denied,"Question: Which city is the capital of France?
(A) Paris
(B) Berlin
(C) Madrid
(D) Rome
(E) Lisbon
Answer: (A)

Question: Which planet is the largest in the Solar System?
(A) Earth
(B) Jupiter
(C) Saturn
(D) Venus
(E) Mars
Answer: (B)

Question: What is the chemical formula for water?
(A) CO2
(B) O2
(C) H2O
(D) NaCl
(E) CH4
Answer: (C)

Question: What process do plants use to convert sunlight into chemical energy?
(A) Respiration
(B) Fermentation
(C) Evaporation
(D) Photosynthesis
(E) Condensation
Answer: (D)

Question: What is the primary function of red blood cells?
(A) Transmit nerve signals
(B) Produce bile
(C) Filter lymph
(D) Digest proteins
(E) Carry oxygen
Answer: (E)

Question: According to the legal opinion ""Jimenez v Bondi"", after the court reviewed the BIA’s factual findings under the substantial-evidence standard and concluded that the record supported the BIA’s determination that the petitioners did not qualify for asylum, what was the appellate disposition of the case?
(A) petition granted
(B) remanded to the BIA
(C) petition dismissed
(D) vacated and remanded
(E) petition denied","According to the legal opinion ""Jimenez v Bondi"", after the court reviewed the BIA’s factual findings under the substantial-evidence standard and concluded that the record supported the BIA’s determination that the petitioners did not qualify for asylum, what was the appellate disposition of the case?",6,5,8
"According to the legal opinion ""Jimenez v. Bondi"", under the substantial-evidence standard governing review of the BIA’s factual findings, what principle explains why the court accepted the BIA’s motive finding instead of reweighing the competing theories?",reweighing was barred,(B),"According to the legal opinion ""Jimenez v. Bondi"", under the substantial-evidence standard governing review of the BIA’s factual findings, what principle explains why the court accepted the BIA’s motive finding instead of reweighing the competing theories?
(A) the court could reverse whenever another inference seemed stronger
(B) reweighing was barred
(C) the motive dispute was an unreviewable credibility issue
(D) the agency's statutory interpretation controlled
(E) the court reviewed the evidence de novo",the court could reverse whenever another inference seemed stronger,reweighing was barred,the motive dispute was an unreviewable credibility issue,the agency's statutory interpretation controlled,the court reviewed the evidence de novo,"[""the court could reverse whenever another inference seemed stronger"", ""the motive dispute was an unreviewable credibility issue"", ""the agency's statutory interpretation controlled"", ""the court reviewed the evidence de novo""]","According to the opinion 'Jimenez v. Bondi', under the review principle governing the BIA's findings, the court did not choose Petitioners' competing motive theory over the BIA's because the substantial-evidence standard barred reweighing",,,Reasoning Step,"['We review the BIA’s findings of fact under a substantial-evidence standard. Under this standard, the BIA’s findings of fact are conclusive unless the record demonstrates that any reasonable adjudicator would be compelled to conclude to the contrary.', '“[I]t is not our prerogative to reweigh the evidence, but only to decide if substantial evidence supports the IJ’s [or the BIA’s] decision.”']","['We review the BIA’s findings of fact under a substantial-evidence standard. Under this standard, the BIA’s findings of fact are conclusive unless the record demonstrates that any reasonable adjudicator would be compelled to conclude to the contrary.', '“[I]t is not our prerogative to reweigh the evidence, but only to decide if substantial evidence supports the IJ’s [or the BIA’s] decision.”']","['We review the BIA’s findings of fact under a substantial-evidence standard. Under this standard, the BIA’s findings of fact are conclusive unless the record demonstrates that any reasonable adjudicator would be compelled to conclude to the contrary.', '“[I]t is not our prerogative to reweigh the evidence, but only to decide if substantial evidence supports the IJ’s [or the BIA’s] decision.”']","Because the court could not reweigh competing inferences and could reverse only if a contrary conclusion was compelled, it accepted the BIA’s motive finding.",What review principle explains why the court did not choose Petitioners’ competing motive theory over the BIA’s?,barred reweighing,"Question: Which city is the capital of France?
(A) Paris
(B) Berlin
(C) Madrid
(D) Rome
(E) Lisbon
Answer: (A)

Question: Which planet is the largest in the Solar System?
(A) Earth
(B) Jupiter
(C) Saturn
(D) Venus
(E) Mars
Answer: (B)

Question: What is the chemical formula for water?
(A) CO2
(B) O2
(C) H2O
(D) NaCl
(E) CH4
Answer: (C)

Question: What process do plants use to convert sunlight into chemical energy?
(A) Respiration
(B) Fermentation
(C) Evaporation
(D) Photosynthesis
(E) Condensation
Answer: (D)

Question: What is the primary function of red blood cells?
(A) Transmit nerve signals
(B) Produce bile
(C) Filter lymph
(D) Digest proteins
(E) Carry oxygen
Answer: (E)

Question: According to the legal opinion ""Jimenez v. Bondi"", under the substantial-evidence standard governing review of the BIA’s factual findings, what principle explains why the court accepted the BIA’s motive finding instead of reweighing the competing theories?
(A) the court could reverse whenever another inference seemed stronger
(B) reweighing was barred
(C) the motive dispute was an unreviewable credibility issue
(D) the agency's statutory interpretation controlled
(E) the court reviewed the evidence de novo","According to the legal opinion ""Jimenez v. Bondi"", under the substantial-evidence standard governing review of the BIA’s factual findings, what principle explains why the court accepted the BIA’s motive finding instead of reweighing the competing theories?",7,7,12
"According to the legal opinion ""Jimenez v. Bondi"", the court held that Petitioners’ harm, even when considered together, did not amount to past persecution under the INA. As a result, what kind of presumption tied to a well-founded fear of future persecution did they fail to receive?",rebuttable presumption,(A),"According to the legal opinion ""Jimenez v. Bondi"", the court held that Petitioners’ harm, even when considered together, did not amount to past persecution under the INA. As a result, what kind of presumption tied to a well-founded fear of future persecution did they fail to receive?
(A) rebuttable presumption
(B) presumption of eligibility for withholding of removal
(C) presumption of refugee status
(D) well-founded fear of future persecution
(E) presumption of credibility",rebuttable presumption,presumption of eligibility for withholding of removal,presumption of refugee status,well-founded fear of future persecution,presumption of credibility,"[""presumption of credibility"", ""presumption of refugee status"", ""presumption of eligibility for withholding of removal"", ""well-founded fear of future persecution""]","According to the opinion 'Jimenez v. Bondi', since the court held that Petitioners’ aggregate harm did not amount to past persecution, they failed to obtain the rebuttable presumption",,,Multi-Fact Integration,"['One way an applicant may obtain refugee status is “through a showing of past persecution, which gives rise to a rebuttable presumption of a well-founded fear of future persecution.” Rivera-Barrientos, 666 F.3d at 646 (citation omitted).', 'Given these facts and circumstances, we find substantial evidence to support the BIA’s finding that Petitioners’ harm, even in the aggregate, does not amount to past persecution as defined in the INA.']","['One way an applicant may obtain refugee status is “through a showing of past persecution, which gives rise to a rebuttable presumption of a well-founded fear of future persecution.” Rivera-Barrientos, 666 F.3d at 646 (citation omitted).', 'Given these facts and circumstances, we find substantial evidence to support the BIA’s finding that Petitioners’ harm, even in the aggregate, does not amount to past persecution as defined in the INA.']","['One way an applicant may obtain refugee status is “through a showing of past persecution, which gives rise to a rebuttable presumption of a well-founded fear of future persecution.” Rivera-Barrientos, 666 F.3d at 646 (citation omitted).', 'Given these facts and circumstances, we find substantial evidence to support the BIA’s finding that Petitioners’ harm, even in the aggregate, does not amount to past persecution as defined in the INA.']","Because past persecution is what triggers the presumption, the court’s conclusion that Petitioners did not prove past persecution means they never received that presumption.","Since the court held that Petitioners’ aggregate harm did not amount to past persecution, what asylum-related presumption did they fail to obtain?",rebuttable presumption,"Question: Which city is the capital of France?
(A) Paris
(B) Berlin
(C) Madrid
(D) Rome
(E) Lisbon
Answer: (A)

Question: Which planet is the largest in the Solar System?
(A) Earth
(B) Jupiter
(C) Saturn
(D) Venus
(E) Mars
Answer: (B)

Question: What is the chemical formula for water?
(A) CO2
(B) O2
(C) H2O
(D) NaCl
(E) CH4
Answer: (C)

Question: What process do plants use to convert sunlight into chemical energy?
(A) Respiration
(B) Fermentation
(C) Evaporation
(D) Photosynthesis
(E) Condensation
Answer: (D)

Question: What is the primary function of red blood cells?
(A) Transmit nerve signals
(B) Produce bile
(C) Filter lymph
(D) Digest proteins
(E) Carry oxygen
Answer: (E)

Question: According to the legal opinion ""Jimenez v. Bondi"", the court held that Petitioners’ harm, even when considered together, did not amount to past persecution under the INA. As a result, what kind of presumption tied to a well-founded fear of future persecution did they fail to receive?
(A) rebuttable presumption
(B) presumption of eligibility for withholding of removal
(C) presumption of refugee status
(D) well-founded fear of future persecution
(E) presumption of credibility","According to the legal opinion ""Jimenez v. Bondi"", the court held that Petitioners’ harm, even when considered together, did not amount to past persecution under the INA. As a result, what kind of presumption tied to a well-founded fear of future persecution did they fail to receive?",8,8,2
"According to the legal opinion ""Jimenez v. Bondi"", after the threats escalated following Jimenez’s property dispute with Don Rafa and a threat accused Jimenez of working for the prosecutor’s office and being responsible for searches and seizures at Don Rafa’s property, what did the court treat as the predominant motive behind the threats?",Jimenez's involvement with Don Rafa,(C),"According to the legal opinion ""Jimenez v. Bondi"", after the threats escalated following Jimenez’s property dispute with Don Rafa and a threat accused Jimenez of working for the prosecutor’s office and being responsible for searches and seizures at Don Rafa’s property, what did the court treat as the predominant motive behind the threats?
(A) Petitioners' political opinion
(B) Jimenez's membership in a national police unit
(C) Jimenez's involvement with Don Rafa
(D) a family-based protected ground
(E) general criminal extortion unrelated to Jimenez",Petitioners' political opinion,Jimenez's membership in a national police unit,Jimenez's involvement with Don Rafa,a family-based protected ground,general criminal extortion unrelated to Jimenez,"[""Petitioners' political opinion"", ""Jimenez's membership in a national police unit"", ""a family-based protected ground"", ""general criminal extortion unrelated to Jimenez""]","According to the opinion 'Jimenez v. Bondi', after the threats escalated around the property dispute and accusations about prosecutor-related searches, the court treated the predominant motive as Jimenez's involvement with Don Rafa",,,Multi-Fact Integration,"['Petitioners do not point to any evidence in the record that suggests Don Rafa was behind those initial politically affiliated threats.', 'In fact, Petitioners only began receiving escalated threats after Jimenez got involved in a property dispute with Don Rafa, and after Don Rafa became aware that Jimenez was investigating his rented property.', 'During one of the threats, a man accused Jimenez of working for the prosecutor’s office and for being responsible for searches and seizures at Don Rafa’s property.', 'Based on these facts, the BIA did not err in finding that the predominant motive behind the threats was due to Jimenez’s professional and personal involvement with Don Rafa rather than Petitioners’ political opinion.']","['Petitioners do not point to any evidence in the record that suggests Don Rafa was behind those initial politically affiliated threats.', 'In fact, Petitioners only began receiving escalated threats after Jimenez got involved in a property dispute with Don Rafa, and after Don Rafa became aware that Jimenez was investigating his rented property.', 'During one of the threats, a man accused Jimenez of working for the prosecutor’s office and for being responsible for searches and seizures at Don Rafa’s property.', 'Based on these facts, the BIA did not err in finding that the predominant motive behind the threats was due to Jimenez’s professional and personal involvement with Don Rafa rather than Petitioners’ political opinion.']","['Petitioners do not point to any evidence in the record that suggests Don Rafa was behind those initial politically affiliated threats.', 'In fact, Petitioners only began receiving escalated threats after Jimenez got involved in a property dispute with Don Rafa, and after Don Rafa became aware that Jimenez was investigating his rented property.', 'During one of the threats, a man accused Jimenez of working for the prosecutor’s office and for being responsible for searches and seizures at Don Rafa’s property.', 'Based on these facts, the BIA did not err in finding that the predominant motive behind the threats was due to Jimenez’s professional and personal involvement with Don Rafa rather than Petitioners’ political opinion.']","Because the escalation followed the property dispute and the threats referenced Jimenez’s prosecutor-related conduct, the court treated that involvement as the main motive.","From the timing of the escalated threats and the content of the accusations, what motive did the court treat as the predominant one?",Jimenez’s involvement with Don Rafa,"Question: Which city is the capital of France?
(A) Paris
(B) Berlin
(C) Madrid
(D) Rome
(E) Lisbon
Answer: (A)

Question: Which planet is the largest in the Solar System?
(A) Earth
(B) Jupiter
(C) Saturn
(D) Venus
(E) Mars
Answer: (B)

Question: What is the chemical formula for water?
(A) CO2
(B) O2
(C) H2O
(D) NaCl
(E) CH4
Answer: (C)

Question: What process do plants use to convert sunlight into chemical energy?
(A) Respiration
(B) Fermentation
(C) Evaporation
(D) Photosynthesis
(E) Condensation
Answer: (D)

Question: What is the primary function of red blood cells?
(A) Transmit nerve signals
(B) Produce bile
(C) Filter lymph
(D) Digest proteins
(E) Carry oxygen
Answer: (E)

Question: According to the legal opinion ""Jimenez v. Bondi"", after the threats escalated following Jimenez’s property dispute with Don Rafa and a threat accused Jimenez of working for the prosecutor’s office and being responsible for searches and seizures at Don Rafa’s property, what did the court treat as the predominant motive behind the threats?
(A) Petitioners' political opinion
(B) Jimenez's membership in a national police unit
(C) Jimenez's involvement with Don Rafa
(D) a family-based protected ground
(E) general criminal extortion unrelated to Jimenez","According to the legal opinion ""Jimenez v. Bondi"", after the threats escalated following Jimenez’s property dispute with Don Rafa and a threat accused Jimenez of working for the prosecutor’s office and being responsible for searches and seizures at Don Rafa’s property, what did the court treat as the predominant motive behind the threats?",9,9,7
"According to the legal opinion ""Jimenez v. Bondi"", when Petitioners made only minimal reports to authorities, what essential prerequisite for showing that the government was unable or unwilling to protect them did the court say was lacking?",notice and opportunity,(D),"According to the legal opinion ""Jimenez v. Bondi"", when Petitioners made only minimal reports to authorities, what essential prerequisite for showing that the government was unable or unwilling to protect them did the court say was lacking?
(A) proof of countrywide relocation
(B) a formal asylum interview
(C) corroboration from Don Rafa
(D) notice and opportunity
(E) a showing of changed country conditions",proof of countrywide relocation,a formal asylum interview,corroboration from Don Rafa,notice and opportunity,a showing of changed country conditions,"[""proof of countrywide relocation"", ""a formal asylum interview"", ""corroboration from Don Rafa"", ""a showing of changed country conditions""]","According to the opinion 'Jimenez v. Bondi', because Petitioners made minimal reports to authorities, the missing predicate for proving government inability or unwillingness was notice and opportunity",,,Multi-Fact Integration,"['Intertwined in this analysis is an inquiry into whether the government had notice of the alleged persecution and an opportunity to respond.', '“Without such notice, there is no way to know how the police would have reacted or whether the government would have helped.”', 'Again, there is substantial evidence in the record supporting the BIA’s and IJ’s findings. Petitioners’ efforts to reach out to the government for help were minimal, if any.', 'Yet, neither of them reported wrongdoing or corruption.']","['Intertwined in this analysis is an inquiry into whether the government had notice of the alleged persecution and an opportunity to respond.', '“Without such notice, there is no way to know how the police would have reacted or whether the government would have helped.”', 'Again, there is substantial evidence in the record supporting the BIA’s and IJ’s findings. Petitioners’ efforts to reach out to the government for help were minimal, if any.', 'Yet, neither of them reported wrongdoing or corruption.']","['Intertwined in this analysis is an inquiry into whether the government had notice of the alleged persecution and an opportunity to respond.', '“Without such notice, there is no way to know how the police would have reacted or whether the government would have helped.”', 'Again, there is substantial evidence in the record supporting the BIA’s and IJ’s findings. Petitioners’ efforts to reach out to the government for help were minimal, if any.', 'Yet, neither of them reported wrongdoing or corruption.']","Because Petitioners barely reported anything, the government lacked the notice and chance to respond that the opinion treats as central to the unable-or-unwilling inquiry.","Given the opinion’s emphasis on reporting and Petitioners’ minimal outreach to authorities, what key predicate for proving government inability or unwillingness was missing?",notice and opportunity,"Question: Which city is the capital of France?
(A) Paris
(B) Berlin
(C) Madrid
(D) Rome
(E) Lisbon
Answer: (A)

Question: Which planet is the largest in the Solar System?
(A) Earth
(B) Jupiter
(C) Saturn
(D) Venus
(E) Mars
Answer: (B)

Question: What is the chemical formula for water?
(A) CO2
(B) O2
(C) H2O
(D) NaCl
(E) CH4
Answer: (C)

Question: What process do plants use to convert sunlight into chemical energy?
(A) Respiration
(B) Fermentation
(C) Evaporation
(D) Photosynthesis
(E) Condensation
Answer: (D)

Question: What is the primary function of red blood cells?
(A) Transmit nerve signals
(B) Produce bile
(C) Filter lymph
(D) Digest proteins
(E) Carry oxygen
Answer: (E)

Question: According to the legal opinion ""Jimenez v. Bondi"", when Petitioners made only minimal reports to authorities, what essential prerequisite for showing that the government was unable or unwilling to protect them did the court say was lacking?
(A) proof of countrywide relocation
(B) a formal asylum interview
(C) corroboration from Don Rafa
(D) notice and opportunity
(E) a showing of changed country conditions","According to the legal opinion ""Jimenez v. Bondi"", when Petitioners made only minimal reports to authorities, what essential prerequisite for showing that the government was unable or unwilling to protect them did the court say was lacking?",10,10,9
