probe,target,correct_label,formatted_question,option_a,option_b,option_c,option_d,option_e,distractors,fact,raw_knowledge_statement,section,inference_type,source_fact(s),source_facts,text_sentences,derivation,question,answer,formatted_question_5shot
"According to the paper 'xLSTM: Extended Long Short-Term Memory', models without memory mixing should struggle with a long-narrative task involving",tracking entities,(B),"According to the paper 'xLSTM: Extended Long Short-Term Memory', models without memory mixing should struggle with a long-narrative task involving
(A) predicting local syntax
(B) tracking entities
(C) recognizing regular grammars
(D) solving parity tasks
(E) evaluating code",predicting local syntax,tracking entities,recognizing regular grammars,solving parity tasks,evaluating code,"[""evaluating code"", ""solving parity tasks"", ""recognizing regular grammars"", ""predicting local syntax""]","According to the paper 'xLSTM: Extended Long Short-Term Memory', models without memory mixing should struggle with a long-narrative task involving tracking entities",,,Synthesized Insight,"['Memory mixing enables to solve state tracking problems, and therefore LSTMs are more expressive than State Space Models (SSMs) and Transformers~\\citep{Merrill:24,Deletang:23}.', 'State tracking is required to evaluate code or to track entities in a long narrative.', 'Models such as Transformers or State Space Models without memory mixing (no state tracking) cannot solve, e.g.\\ regular grammars like the parity task.']","['Memory mixing enables to solve state tracking problems, and therefore LSTMs are more expressive than State Space Models (SSMs) and Transformers~\\citep{Merrill:24,Deletang:23}.', 'State tracking is required to evaluate code or to track entities in a long narrative.', 'Models such as Transformers or State Space Models without memory mixing (no state tracking) cannot solve, e.g.\\ regular grammars like the parity task.']","['Memory mixing enables to solve state tracking problems, and therefore LSTMs are more expressive than State Space Models (SSMs) and Transformers~\\citep{Merrill:24,Deletang:23}.', 'State tracking is required to evaluate code or to track entities in a long narrative.', 'Models such as Transformers or State Space Models without memory mixing (no state tracking) cannot solve, e.g.\\ regular grammars like the parity task.']","If memory mixing enables state tracking, and state tracking is required for tracking entities in long narratives, then models without memory mixing should struggle there.","Based on the paper's reasoning, what ability should models without memory mixing struggle with in long narratives?",tracking entities,"Question: Which city is the capital of France?
(A) Paris
(B) Berlin
(C) Madrid
(D) Rome
(E) Lisbon
Answer: (A)

Question: Which planet is the largest in the Solar System?
(A) Earth
(B) Jupiter
(C) Saturn
(D) Venus
(E) Mars
Answer: (B)

Question: What is the chemical formula for water?
(A) CO2
(B) O2
(C) H2O
(D) NaCl
(E) CH4
Answer: (C)

Question: What process do plants use to convert sunlight into chemical energy?
(A) Respiration
(B) Fermentation
(C) Evaporation
(D) Photosynthesis
(E) Condensation
Answer: (D)

Question: What is the primary function of red blood cells?
(A) Transmit nerve signals
(B) Produce bile
(C) Filter lymph
(D) Digest proteins
(E) Carry oxygen
Answer: (E)

Question: According to the paper 'xLSTM: Extended Long Short-Term Memory', models without memory mixing should struggle with a long-narrative task involving
(A) predicting local syntax
(B) tracking entities
(C) recognizing regular grammars
(D) solving parity tasks
(E) evaluating code"
"According to the paper 'xLSTM: Extended Long Short-Term Memory', the property that lets xLSTM use much higher batch sizes than Llama during decoding is",constant memory,(B),"According to the paper 'xLSTM: Extended Long Short-Term Memory', the property that lets xLSTM use much higher batch sizes than Llama during decoding is
(A) reduced attention overhead
(B) constant memory
(C) highest throughput
(D) parallel token processing
(E) linear computation",reduced attention overhead,constant memory,highest throughput,parallel token processing,linear computation,"[""linear computation"", ""highest throughput"", ""parallel token processing"", ""reduced attention overhead""]","According to the paper 'xLSTM: Extended Long Short-Term Memory', the property that lets xLSTM use much higher batch sizes than Llama during decoding is constant memory",,,Multi-Fact Integration,"['Figure~\\ref{fig:inference_time_decoding_throughput} (right) shows that xLSTM can use much higher batch sizes than Llama due to its constant memory and thus achieves the highest throughput.', 'Contrary to Transformers, xLSTM networks have a linear computation and a constant memory complexity with respect to the sequence length.']","['Figure~\\ref{fig:inference_time_decoding_throughput} (right) shows that xLSTM can use much higher batch sizes than Llama due to its constant memory and thus achieves the highest throughput.', 'Contrary to Transformers, xLSTM networks have a linear computation and a constant memory complexity with respect to the sequence length.']","['Figure~\\ref{fig:inference_time_decoding_throughput} (right) shows that xLSTM can use much higher batch sizes than Llama due to its constant memory and thus achieves the highest throughput.', 'Contrary to Transformers, xLSTM networks have a linear computation and a constant memory complexity with respect to the sequence length.']",Both statements attribute xLSTM's batch-size advantage and throughput to its constant memory behavior.,What property lets xLSTM use much higher batch sizes than Llama during decoding?,constant memory,"Question: Which city is the capital of France?
(A) Paris
(B) Berlin
(C) Madrid
(D) Rome
(E) Lisbon
Answer: (A)

Question: Which planet is the largest in the Solar System?
(A) Earth
(B) Jupiter
(C) Saturn
(D) Venus
(E) Mars
Answer: (B)

Question: What is the chemical formula for water?
(A) CO2
(B) O2
(C) H2O
(D) NaCl
(E) CH4
Answer: (C)

Question: What process do plants use to convert sunlight into chemical energy?
(A) Respiration
(B) Fermentation
(C) Evaporation
(D) Photosynthesis
(E) Condensation
Answer: (D)

Question: What is the primary function of red blood cells?
(A) Transmit nerve signals
(B) Produce bile
(C) Filter lymph
(D) Digest proteins
(E) Carry oxygen
Answer: (E)

Question: According to the paper 'xLSTM: Extended Long Short-Term Memory', the property that lets xLSTM use much higher batch sizes than Llama during decoding is
(A) reduced attention overhead
(B) constant memory
(C) highest throughput
(D) parallel token processing
(E) linear computation"
"According to the paper 'xLSTM: Extended Long Short-Term Memory', on formal-language tasks like parity, an xLSTM built only from mLSTM blocks would lose",state tracking,(B),"According to the paper 'xLSTM: Extended Long Short-Term Memory', on formal-language tasks like parity, an xLSTM built only from mLSTM blocks would lose
(A) long-range dependency modeling
(B) state tracking
(C) parallel sequence processing
(D) the ability to solve context-free grammars
(E) memory mixing capability",long-range dependency modeling,state tracking,parallel sequence processing,the ability to solve context-free grammars,memory mixing capability,"[""memory mixing capability"", ""parallel sequence processing"", ""long-range dependency modeling"", ""the ability to solve context-free grammars""]","According to the paper 'xLSTM: Extended Long Short-Term Memory', on formal-language tasks like parity, an xLSTM built only from mLSTM blocks would lose state tracking",,,Multi-Fact Integration,"['However, in contrast to the new sLSTM, these approaches do not allow memory mixing. Memory mixing enables to solve state tracking problems, and therefore LSTMs are more expressive than State Space Models (SSMs) and Transformers~\\citep{Merrill:24,Deletang:23}.', 'Models such as Transformers or State Space Models without memory mixing (no state tracking) cannot solve, e.g.\\ regular grammars like the parity task.', 'Since the mLSTM has no memory mixing, this recurrence can be reformulated in a parallel version.']","['However, in contrast to the new sLSTM, these approaches do not allow memory mixing. Memory mixing enables to solve state tracking problems, and therefore LSTMs are more expressive than State Space Models (SSMs) and Transformers~\\citep{Merrill:24,Deletang:23}.', 'Models such as Transformers or State Space Models without memory mixing (no state tracking) cannot solve, e.g.\\ regular grammars like the parity task.', 'Since the mLSTM has no memory mixing, this recurrence can be reformulated in a parallel version.']","['However, in contrast to the new sLSTM, these approaches do not allow memory mixing. Memory mixing enables to solve state tracking problems, and therefore LSTMs are more expressive than State Space Models (SSMs) and Transformers~\\citep{Merrill:24,Deletang:23}.', 'Models such as Transformers or State Space Models without memory mixing (no state tracking) cannot solve, e.g.\\ regular grammars like the parity task.', 'Since the mLSTM has no memory mixing, this recurrence can be reformulated in a parallel version.']","Because mLSTM has no memory mixing, and the paper states memory mixing enables state tracking while models without it cannot solve parity, an mLSTM-only stack loses state tracking ability.",What ability would an xLSTM built only from mLSTM blocks lose on formal-language tasks like parity?,state tracking,"Question: Which city is the capital of France?
(A) Paris
(B) Berlin
(C) Madrid
(D) Rome
(E) Lisbon
Answer: (A)

Question: Which planet is the largest in the Solar System?
(A) Earth
(B) Jupiter
(C) Saturn
(D) Venus
(E) Mars
Answer: (B)

Question: What is the chemical formula for water?
(A) CO2
(B) O2
(C) H2O
(D) NaCl
(E) CH4
Answer: (C)

Question: What process do plants use to convert sunlight into chemical energy?
(A) Respiration
(B) Fermentation
(C) Evaporation
(D) Photosynthesis
(E) Condensation
Answer: (D)

Question: What is the primary function of red blood cells?
(A) Transmit nerve signals
(B) Produce bile
(C) Filter lymph
(D) Digest proteins
(E) Carry oxygen
Answer: (E)

Question: According to the paper 'xLSTM: Extended Long Short-Term Memory', on formal-language tasks like parity, an xLSTM built only from mLSTM blocks would lose
(A) long-range dependency modeling
(B) state tracking
(C) parallel sequence processing
(D) the ability to solve context-free grammars
(E) memory mixing capability"
"According to the paper 'xLSTM: Extended Long Short-Term Memory', in the Fast Weight Programmer analogy for mLSTM, if the input gate is reduced while the forget gate stays fixed, the quantity being reduced is",the learning rate,(D),"According to the paper 'xLSTM: Extended Long Short-Term Memory', in the Fast Weight Programmer analogy for mLSTM, if the input gate is reduced while the forget gate stays fixed, the quantity being reduced is
(A) the scaling of the retrieved vector
(B) the retention rate of the previous covariance state
(C) the hidden-state output amplitude
(D) the learning rate
(E) the decay rate",the scaling of the retrieved vector,the retention rate of the previous covariance state,the hidden-state output amplitude,the learning rate,the decay rate,"[""the decay rate"", ""the scaling of the retrieved vector"", ""the retention rate of the previous covariance state"", ""the hidden-state output amplitude""]","According to the paper 'xLSTM: Extended Long Short-Term Memory', in the Fast Weight Programmer analogy for mLSTM, if the input gate is reduced while the forget gate stays fixed, the quantity being reduced is the learning rate",,,Reasoning Step,"['The covariance update rule is equivalent to Fast Weight Programmers \\citep{Schmidhuber:92ncfastweights,Schlag:21}, which have later been equipped with a constant decay rate multiplied to $\\mathbf{C}_{t-1}$ and a constant learning rate multiplied to \n$\\mathbf{v}_{t} \\mathbf{k}_t ^\\top$~\\citep{Ba:16}.', 'In this spirit, we integrate the covariance update rule into the LSTM framework, where the forget gate corresponds to decay rate and the input gate to the learning rate, while the output gate scales the retrieved vector.']","['The covariance update rule is equivalent to Fast Weight Programmers \\citep{Schmidhuber:92ncfastweights,Schlag:21}, which have later been equipped with a constant decay rate multiplied to $\\mathbf{C}_{t-1}$ and a constant learning rate multiplied to \n$\\mathbf{v}_{t} \\mathbf{k}_t ^\\top$~\\citep{Ba:16}.', 'In this spirit, we integrate the covariance update rule into the LSTM framework, where the forget gate corresponds to decay rate and the input gate to the learning rate, while the output gate scales the retrieved vector.']","['The covariance update rule is equivalent to Fast Weight Programmers \\citep{Schmidhuber:92ncfastweights,Schlag:21}, which have later been equipped with a constant decay rate multiplied to $\\mathbf{C}_{t-1}$ and a constant learning rate multiplied to \n$\\mathbf{v}_{t} \\mathbf{k}_t ^\\top$~\\citep{Ba:16}.', 'In this spirit, we integrate the covariance update rule into the LSTM framework, where the forget gate corresponds to decay rate and the input gate to the learning rate, while the output gate scales the retrieved vector.']","Since the input gate is identified with the learning rate in the fast-weight view, lowering the input gate lowers that quantity.","In the Fast Weight Programmer analogy for mLSTM, if the input gate is reduced while the forget gate stays fixed, which quantity is being reduced?",the learning rate,"Question: Which city is the capital of France?
(A) Paris
(B) Berlin
(C) Madrid
(D) Rome
(E) Lisbon
Answer: (A)

Question: Which planet is the largest in the Solar System?
(A) Earth
(B) Jupiter
(C) Saturn
(D) Venus
(E) Mars
Answer: (B)

Question: What is the chemical formula for water?
(A) CO2
(B) O2
(C) H2O
(D) NaCl
(E) CH4
Answer: (C)

Question: What process do plants use to convert sunlight into chemical energy?
(A) Respiration
(B) Fermentation
(C) Evaporation
(D) Photosynthesis
(E) Condensation
Answer: (D)

Question: What is the primary function of red blood cells?
(A) Transmit nerve signals
(B) Produce bile
(C) Filter lymph
(D) Digest proteins
(E) Carry oxygen
Answer: (E)

Question: According to the paper 'xLSTM: Extended Long Short-Term Memory', in the Fast Weight Programmer analogy for mLSTM, if the input gate is reduced while the forget gate stays fixed, the quantity being reduced is
(A) the scaling of the retrieved vector
(B) the retention rate of the previous covariance state
(C) the hidden-state output amplitude
(D) the learning rate
(E) the decay rate"
"According to the paper 'xLSTM: Extended Long Short-Term Memory', if the reported scaling-law offsets persist at larger sizes, the performance order from best to worst among the three models is","xLSTM, Mamba, Llama",(B),"According to the paper 'xLSTM: Extended Long Short-Term Memory', if the reported scaling-law offsets persist at larger sizes, the performance order from best to worst among the three models is
(A) xLSTM, Mamba, RWKV-4
(B) xLSTM, Mamba, Llama
(C) xLSTM, Llama, Mamba
(D) Mamba, xLSTM, Llama
(E) Llama, Mamba, xLSTM","xLSTM, Mamba, RWKV-4","xLSTM, Mamba, Llama","xLSTM, Llama, Mamba","Mamba, xLSTM, Llama","Llama, Mamba, xLSTM","[""Mamba, xLSTM, Llama"", ""xLSTM, Llama, Mamba"", ""Llama, Mamba, xLSTM"", ""xLSTM, Mamba, RWKV-4""]","According to the paper 'xLSTM: Extended Long Short-Term Memory', if the reported scaling-law offsets persist at larger sizes, the performance order from best to worst among the three models is xLSTM, Mamba, Llama",,,Synthesized Insight,"['All models share a similar scaling behavior but with different offsets. RWKV-4 performs worst, followed by Llama and Mamba. xLSTM is better than Mamba with a similar margin to Mamba as Mamba has to Llama.', 'The scaling behavior indicates that for larger models xLSTM will continue to perform favourable compared to Transformers and State-Space models.']","['All models share a similar scaling behavior but with different offsets. RWKV-4 performs worst, followed by Llama and Mamba. xLSTM is better than Mamba with a similar margin to Mamba as Mamba has to Llama.', 'The scaling behavior indicates that for larger models xLSTM will continue to perform favourable compared to Transformers and State-Space models.']","['All models share a similar scaling behavior but with different offsets. RWKV-4 performs worst, followed by Llama and Mamba. xLSTM is better than Mamba with a similar margin to Mamba as Mamba has to Llama.', 'The scaling behavior indicates that for larger models xLSTM will continue to perform favourable compared to Transformers and State-Space models.']","With similar slopes but different offsets, the stated ranking among these three should persist as models grow.","If the reported scaling-law offsets persist at larger sizes, what performance order follows among xLSTM, Mamba, and Llama?","xLSTM, Mamba, Llama","Question: Which city is the capital of France?
(A) Paris
(B) Berlin
(C) Madrid
(D) Rome
(E) Lisbon
Answer: (A)

Question: Which planet is the largest in the Solar System?
(A) Earth
(B) Jupiter
(C) Saturn
(D) Venus
(E) Mars
Answer: (B)

Question: What is the chemical formula for water?
(A) CO2
(B) O2
(C) H2O
(D) NaCl
(E) CH4
Answer: (C)

Question: What process do plants use to convert sunlight into chemical energy?
(A) Respiration
(B) Fermentation
(C) Evaporation
(D) Photosynthesis
(E) Condensation
Answer: (D)

Question: What is the primary function of red blood cells?
(A) Transmit nerve signals
(B) Produce bile
(C) Filter lymph
(D) Digest proteins
(E) Carry oxygen
Answer: (E)

Question: According to the paper 'xLSTM: Extended Long Short-Term Memory', if the reported scaling-law offsets persist at larger sizes, the performance order from best to worst among the three models is
(A) xLSTM, Mamba, RWKV-4
(B) xLSTM, Mamba, Llama
(C) xLSTM, Llama, Mamba
(D) Mamba, xLSTM, Llama
(E) Llama, Mamba, xLSTM"
"According to the paper 'xLSTM: Extended Long Short-Term Memory', if a model must both revise earlier storage decisions and improve rare-token handling, the two xLSTM modifications needed together are",exponential gating and matrix memory,(A),"According to the paper 'xLSTM: Extended Long Short-Term Memory', if a model must both revise earlier storage decisions and improve rare-token handling, the two xLSTM modifications needed together are
(A) exponential gating and matrix memory
(B) forget gating and matrix memory
(C) exponential gating and increased storage capacity
(D) exponential gating and scalar memory
(E) similarity-based retrieval and matrix memory",exponential gating and matrix memory,forget gating and matrix memory,exponential gating and increased storage capacity,exponential gating and scalar memory,similarity-based retrieval and matrix memory,"[""exponential gating and increased storage capacity"", ""similarity-based retrieval and matrix memory"", ""forget gating and matrix memory"", ""exponential gating and scalar memory""]","According to the paper 'xLSTM: Extended Long Short-Term Memory', if a model must both revise earlier storage decisions and improve rare-token handling, the two xLSTM modifications needed together are exponential gating and matrix memory",,,Multi-Fact Integration,"['LSTM struggles to revise a stored value when a more similar vector is found, while our new xLSTM remediates this limitation by exponential gating.', 'LSTM performs worse on rare tokens because of its limited storage capacities. Our new xLSTM solves this problem by a matrix memory.']","['LSTM struggles to revise a stored value when a more similar vector is found, while our new xLSTM remediates this limitation by exponential gating.', 'LSTM performs worse on rare tokens because of its limited storage capacities. Our new xLSTM solves this problem by a matrix memory.']","['LSTM struggles to revise a stored value when a more similar vector is found, while our new xLSTM remediates this limitation by exponential gating.', 'LSTM performs worse on rare tokens because of its limited storage capacities. Our new xLSTM solves this problem by a matrix memory.']","The first fact ties revising storage decisions to exponential gating, while the second ties improved rare-token handling to matrix memory, so both are needed together.","If a model must both revise earlier storage decisions and improve rare-token handling, which two xLSTM modifications are needed together?",exponential gating and matrix memory,"Question: Which city is the capital of France?
(A) Paris
(B) Berlin
(C) Madrid
(D) Rome
(E) Lisbon
Answer: (A)

Question: Which planet is the largest in the Solar System?
(A) Earth
(B) Jupiter
(C) Saturn
(D) Venus
(E) Mars
Answer: (B)

Question: What is the chemical formula for water?
(A) CO2
(B) O2
(C) H2O
(D) NaCl
(E) CH4
Answer: (C)

Question: What process do plants use to convert sunlight into chemical energy?
(A) Respiration
(B) Fermentation
(C) Evaporation
(D) Photosynthesis
(E) Condensation
Answer: (D)

Question: What is the primary function of red blood cells?
(A) Transmit nerve signals
(B) Produce bile
(C) Filter lymph
(D) Digest proteins
(E) Carry oxygen
Answer: (E)

Question: According to the paper 'xLSTM: Extended Long Short-Term Memory', if a model must both revise earlier storage decisions and improve rare-token handling, the two xLSTM modifications needed together are
(A) exponential gating and matrix memory
(B) forget gating and matrix memory
(C) exponential gating and increased storage capacity
(D) exponential gating and scalar memory
(E) similarity-based retrieval and matrix memory"
"According to the paper 'xLSTM: Extended Long Short-Term Memory', the authors place mLSTM inside a pre up-projection block rather than after the projection back down because it provides",larger memory capacity,(B),"According to the paper 'xLSTM: Extended Long Short-Term Memory', the authors place mLSTM inside a pre up-projection block rather than after the projection back down because it provides
(A) more expressive matrix updates
(B) larger memory capacity
(C) better gradient stability
(D) lower computational cost
(E) stronger feature mixing",more expressive matrix updates,larger memory capacity,better gradient stability,lower computational cost,stronger feature mixing,"[""better gradient stability"", ""lower computational cost"", ""stronger feature mixing"", ""more expressive matrix updates""]","According to the paper 'xLSTM: Extended Long Short-Term Memory', the authors place mLSTM inside a pre up-projection block rather than after the projection back down because it provides larger memory capacity",,,Reasoning Step,"['For an xLSTM block containing an mLSTM, we use the pre up-projection block since the memory capacity becomes larger in the high-dimensional space.', 'To enhance storage capacities of LSTMs, we increase the LSTM memory cell from a scalar $c \\in \\mathbb{R}$\nto a matrix $\\mathbf{C} \\in \\mathbb{R}^{d \\times d}$.']","['For an xLSTM block containing an mLSTM, we use the pre up-projection block since the memory capacity becomes larger in the high-dimensional space.', 'To enhance storage capacities of LSTMs, we increase the LSTM memory cell from a scalar $c \\in \\mathbb{R}$\nto a matrix $\\mathbf{C} \\in \\mathbb{R}^{d \\times d}$.']","['For an xLSTM block containing an mLSTM, we use the pre up-projection block since the memory capacity becomes larger in the high-dimensional space.', 'To enhance storage capacities of LSTMs, we increase the LSTM memory cell from a scalar $c \\in \\mathbb{R}$\nto a matrix $\\mathbf{C} \\in \\mathbb{R}^{d \\times d}$.']","Because mLSTM's advantage is storage capacity and the paper states that this capacity grows in higher-dimensional space, pre up-projection is used to enlarge that capacity.",Why does the paper place mLSTM inside a pre up-projection block rather than after the projection back down?,larger memory capacity,"Question: Which city is the capital of France?
(A) Paris
(B) Berlin
(C) Madrid
(D) Rome
(E) Lisbon
Answer: (A)

Question: Which planet is the largest in the Solar System?
(A) Earth
(B) Jupiter
(C) Saturn
(D) Venus
(E) Mars
Answer: (B)

Question: What is the chemical formula for water?
(A) CO2
(B) O2
(C) H2O
(D) NaCl
(E) CH4
Answer: (C)

Question: What process do plants use to convert sunlight into chemical energy?
(A) Respiration
(B) Fermentation
(C) Evaporation
(D) Photosynthesis
(E) Condensation
Answer: (D)

Question: What is the primary function of red blood cells?
(A) Transmit nerve signals
(B) Produce bile
(C) Filter lymph
(D) Digest proteins
(E) Carry oxygen
Answer: (E)

Question: According to the paper 'xLSTM: Extended Long Short-Term Memory', the authors place mLSTM inside a pre up-projection block rather than after the projection back down because it provides
(A) more expressive matrix updates
(B) larger memory capacity
(C) better gradient stability
(D) lower computational cost
(E) stronger feature mixing"
"According to the paper 'xLSTM: Extended Long Short-Term Memory', to make an LSTM-style recurrence parallelizable across time, the model must remove",memory mixing,(C),"According to the paper 'xLSTM: Extended Long Short-Term Memory', to make an LSTM-style recurrence parallelizable across time, the model must remove
(A) forget-gate carryover
(B) output gating
(C) memory mixing
(D) cell-state accumulation
(E) input mixing",forget-gate carryover,output gating,memory mixing,cell-state accumulation,input mixing,"[""output gating"", ""input mixing"", ""cell-state accumulation"", ""forget-gate carryover""]","According to the paper 'xLSTM: Extended Long Short-Term Memory', to make an LSTM-style recurrence parallelizable across time, the model must remove memory mixing",,,Synthesized Insight,"['To enable parallelization, the mLSTM abandons memory mixing, i.e., the hidden-hidden recurrent connections.', 'Lack of parallelizability due to memory mixing, i.e., the hidden-hidden connections between hidden states from one time step to the next, which enforce sequential processing.']","['To enable parallelization, the mLSTM abandons memory mixing, i.e., the hidden-hidden recurrent connections.', 'Lack of parallelizability due to memory mixing, i.e., the hidden-hidden connections between hidden states from one time step to the next, which enforce sequential processing.']","['To enable parallelization, the mLSTM abandons memory mixing, i.e., the hidden-hidden recurrent connections.', 'Lack of parallelizability due to memory mixing, i.e., the hidden-hidden connections between hidden states from one time step to the next, which enforce sequential processing.']","Since memory mixing is identified as what enforces sequential processing and mLSTM drops it to enable parallelization, removing memory mixing is the needed change.",What must be removed from an LSTM-style recurrence if the goal is to make it parallelizable across time?,memory mixing,"Question: Which city is the capital of France?
(A) Paris
(B) Berlin
(C) Madrid
(D) Rome
(E) Lisbon
Answer: (A)

Question: Which planet is the largest in the Solar System?
(A) Earth
(B) Jupiter
(C) Saturn
(D) Venus
(E) Mars
Answer: (B)

Question: What is the chemical formula for water?
(A) CO2
(B) O2
(C) H2O
(D) NaCl
(E) CH4
Answer: (C)

Question: What process do plants use to convert sunlight into chemical energy?
(A) Respiration
(B) Fermentation
(C) Evaporation
(D) Photosynthesis
(E) Condensation
Answer: (D)

Question: What is the primary function of red blood cells?
(A) Transmit nerve signals
(B) Produce bile
(C) Filter lymph
(D) Digest proteins
(E) Carry oxygen
Answer: (E)

Question: According to the paper 'xLSTM: Extended Long Short-Term Memory', to make an LSTM-style recurrence parallelizable across time, the model must remove
(A) forget-gate carryover
(B) output gating
(C) memory mixing
(D) cell-state accumulation
(E) input mixing"
"According to the paper 'xLSTM: Extended Long Short-Term Memory', the xLSTM variant that is the better fit for code evaluation or tracking entities in a long narrative is",sLSTM,(A),"According to the paper 'xLSTM: Extended Long Short-Term Memory', the xLSTM variant that is the better fit for code evaluation or tracking entities in a long narrative is
(A) sLSTM
(B) a State Space Model (SSM)
(C) the more parallelizable xLSTM variant
(D) a Transformer
(E) mLSTM",sLSTM,a State Space Model (SSM),the more parallelizable xLSTM variant,a Transformer,mLSTM,"[""mLSTM"", ""the more parallelizable xLSTM variant"", ""a Transformer"", ""a State Space Model (SSM)""]","According to the paper 'xLSTM: Extended Long Short-Term Memory', the xLSTM variant that is the better fit for code evaluation or tracking entities in a long narrative is sLSTM",,,Multi-Fact Integration,"['However, in contrast to the new sLSTM, these approaches do not allow memory mixing.', 'Memory mixing enables to solve state tracking problems, and therefore LSTMs are more expressive than State Space Models (SSMs) and Transformers~\\citep{Merrill:24,Deletang:23}.', 'State tracking is required to evaluate code or to track entities in a long narrative.']","['However, in contrast to the new sLSTM, these approaches do not allow memory mixing.', 'Memory mixing enables to solve state tracking problems, and therefore LSTMs are more expressive than State Space Models (SSMs) and Transformers~\\citep{Merrill:24,Deletang:23}.', 'State tracking is required to evaluate code or to track entities in a long narrative.']","['However, in contrast to the new sLSTM, these approaches do not allow memory mixing.', 'Memory mixing enables to solve state tracking problems, and therefore LSTMs are more expressive than State Space Models (SSMs) and Transformers~\\citep{Merrill:24,Deletang:23}.', 'State tracking is required to evaluate code or to track entities in a long narrative.']","Since code evaluation and entity tracking require state tracking, and sLSTM is the xLSTM variant singled out as allowing memory mixing, sLSTM is the fit.",Which xLSTM variant is the better fit for code evaluation or tracking entities in a long narrative?,sLSTM,"Question: Which city is the capital of France?
(A) Paris
(B) Berlin
(C) Madrid
(D) Rome
(E) Lisbon
Answer: (A)

Question: Which planet is the largest in the Solar System?
(A) Earth
(B) Jupiter
(C) Saturn
(D) Venus
(E) Mars
Answer: (B)

Question: What is the chemical formula for water?
(A) CO2
(B) O2
(C) H2O
(D) NaCl
(E) CH4
Answer: (C)

Question: What process do plants use to convert sunlight into chemical energy?
(A) Respiration
(B) Fermentation
(C) Evaporation
(D) Photosynthesis
(E) Condensation
Answer: (D)

Question: What is the primary function of red blood cells?
(A) Transmit nerve signals
(B) Produce bile
(C) Filter lymph
(D) Digest proteins
(E) Carry oxygen
Answer: (E)

Question: According to the paper 'xLSTM: Extended Long Short-Term Memory', the xLSTM variant that is the better fit for code evaluation or tracking entities in a long narrative is
(A) sLSTM
(B) a State Space Model (SSM)
(C) the more parallelizable xLSTM variant
(D) a Transformer
(E) mLSTM"
"According to the paper 'xLSTM: Extended Long Short-Term Memory', if xLSTM's exponential gating were removed, the original LSTM limitation that would logically reappear when a later vector is more similar in nearest-neighbor search is",inability to revise storage decisions,(A),"According to the paper 'xLSTM: Extended Long Short-Term Memory', if xLSTM's exponential gating were removed, the original LSTM limitation that would logically reappear when a later vector is more similar in nearest-neighbor search is
(A) inability to revise storage decisions
(B) inability to preserve long-term context information
(C) inability to normalize stored representations
(D) inability to improve nearest-neighbor similarity matching
(E) inability to stabilize recurrent updates",inability to revise storage decisions,inability to preserve long-term context information,inability to normalize stored representations,inability to improve nearest-neighbor similarity matching,inability to stabilize recurrent updates,"[""inability to normalize stored representations"", ""inability to stabilize recurrent updates"", ""inability to improve nearest-neighbor similarity matching"", ""inability to preserve long-term context information""]","According to the paper 'xLSTM: Extended Long Short-Term Memory', if xLSTM's exponential gating were removed, the original LSTM limitation that would logically reappear when a later vector is more similar in nearest-neighbor search is inability to revise storage decisions",,,Reasoning Step,"['LSTM struggles to revise a stored value when a more similar vector is found, while our new xLSTM remediates this limitation by exponential gating.', 'To empower LSTMs with the ability to revise storage decisions, we introduce exponential gates (red) together with normalization and stabilization.']","['LSTM struggles to revise a stored value when a more similar vector is found, while our new xLSTM remediates this limitation by exponential gating.', 'To empower LSTMs with the ability to revise storage decisions, we introduce exponential gates (red) together with normalization and stabilization.']","['LSTM struggles to revise a stored value when a more similar vector is found, while our new xLSTM remediates this limitation by exponential gating.', 'To empower LSTMs with the ability to revise storage decisions, we introduce exponential gates (red) together with normalization and stabilization.']","Both statements tie revising an earlier storage choice to exponential gating, so removing that mechanism brings back the same limitation.","If xLSTM's exponential gating were removed, which original LSTM limitation would logically reappear when a later vector is more similar in nearest-neighbor search?",inability to revise storage decisions,"Question: Which city is the capital of France?
(A) Paris
(B) Berlin
(C) Madrid
(D) Rome
(E) Lisbon
Answer: (A)

Question: Which planet is the largest in the Solar System?
(A) Earth
(B) Jupiter
(C) Saturn
(D) Venus
(E) Mars
Answer: (B)

Question: What is the chemical formula for water?
(A) CO2
(B) O2
(C) H2O
(D) NaCl
(E) CH4
Answer: (C)

Question: What process do plants use to convert sunlight into chemical energy?
(A) Respiration
(B) Fermentation
(C) Evaporation
(D) Photosynthesis
(E) Condensation
Answer: (D)

Question: What is the primary function of red blood cells?
(A) Transmit nerve signals
(B) Produce bile
(C) Filter lymph
(D) Digest proteins
(E) Carry oxygen
Answer: (E)

Question: According to the paper 'xLSTM: Extended Long Short-Term Memory', if xLSTM's exponential gating were removed, the original LSTM limitation that would logically reappear when a later vector is more similar in nearest-neighbor search is
(A) inability to revise storage decisions
(B) inability to preserve long-term context information
(C) inability to normalize stored representations
(D) inability to improve nearest-neighbor similarity matching
(E) inability to stabilize recurrent updates"
"According to the paper 'xLSTM: Extended Long Short-Term Memory', if context length keeps growing while mLSTM's matrix memory size stays fixed, the authors say that this limitation may emerge:",overload the memory,(C),"According to the paper 'xLSTM: Extended Long Short-Term Memory', if context length keeps growing while mLSTM's matrix memory size stays fixed, the authors say that this limitation may emerge:
(A) truncate earlier context tokens
(B) make memory complexity grow with sequence length
(C) overload the memory
(D) lose the linear computation advantage
(E) require quadratic attention costs",truncate earlier context tokens,make memory complexity grow with sequence length,overload the memory,lose the linear computation advantage,require quadratic attention costs,"[""make memory complexity grow with sequence length"", ""lose the linear computation advantage"", ""require quadratic attention costs"", ""truncate earlier context tokens""]","According to the paper 'xLSTM: Extended Long Short-Term Memory', if context length keeps growing while mLSTM's matrix memory size stays fixed, the authors say that this limitation may emerge: overload the memory",,,Reasoning Step,"['Since the matrix memory is independent of the sequence length, increasing the sequence length might overload the memory for longer context sizes.', 'Contrary to Transformers, xLSTM networks have a linear computation and a constant memory complexity with respect to the sequence length.']","['Since the matrix memory is independent of the sequence length, increasing the sequence length might overload the memory for longer context sizes.', 'Contrary to Transformers, xLSTM networks have a linear computation and a constant memory complexity with respect to the sequence length.']","['Since the matrix memory is independent of the sequence length, increasing the sequence length might overload the memory for longer context sizes.', 'Contrary to Transformers, xLSTM networks have a linear computation and a constant memory complexity with respect to the sequence length.']","The paper says memory stays constant with sequence length, so if context keeps growing while matrix memory size stays fixed, the risk is overloading that fixed memory.","If context length keeps growing while mLSTM's matrix memory size stays fixed, what limitation do the authors say may emerge?",overload the memory,"Question: Which city is the capital of France?
(A) Paris
(B) Berlin
(C) Madrid
(D) Rome
(E) Lisbon
Answer: (A)

Question: Which planet is the largest in the Solar System?
(A) Earth
(B) Jupiter
(C) Saturn
(D) Venus
(E) Mars
Answer: (B)

Question: What is the chemical formula for water?
(A) CO2
(B) O2
(C) H2O
(D) NaCl
(E) CH4
Answer: (C)

Question: What process do plants use to convert sunlight into chemical energy?
(A) Respiration
(B) Fermentation
(C) Evaporation
(D) Photosynthesis
(E) Condensation
Answer: (D)

Question: What is the primary function of red blood cells?
(A) Transmit nerve signals
(B) Produce bile
(C) Filter lymph
(D) Digest proteins
(E) Carry oxygen
Answer: (E)

Question: According to the paper 'xLSTM: Extended Long Short-Term Memory', if context length keeps growing while mLSTM's matrix memory size stays fixed, the authors say that this limitation may emerge:
(A) truncate earlier context tokens
(B) make memory complexity grow with sequence length
(C) overload the memory
(D) lose the linear computation advantage
(E) require quadratic attention costs"
"According to the paper 'xLSTM: Extended Long Short-Term Memory', for an xLSTM block containing an mLSTM, the design used when the memory capacity becomes larger in the high-dimensional space and the block is fully parallelizable is the",mLSTM pre up-projection,(D),"According to the paper 'xLSTM: Extended Long Short-Term Memory', for an xLSTM block containing an mLSTM, the design used when the memory capacity becomes larger in the high-dimensional space and the block is fully parallelizable is the
(A) sLSTM pre up-projection
(B) sLSTM post up-projection
(C) mLSTM post up-projection
(D) mLSTM pre up-projection
(E) sLSTM with matrix memory and pre up-projection",sLSTM pre up-projection,sLSTM post up-projection,mLSTM post up-projection,mLSTM pre up-projection,sLSTM with matrix memory and pre up-projection,"[""mLSTM post up-projection"", ""sLSTM pre up-projection"", ""sLSTM post up-projection"", ""sLSTM with matrix memory and pre up-projection""]","According to the paper 'xLSTM: Extended Long Short-Term Memory', for an xLSTM block containing an mLSTM, the design used when the memory capacity becomes larger in the high-dimensional space and the block is fully parallelizable is the mLSTM pre up-projection",,,Synthesized Insight,"['For an xLSTM block containing an mLSTM, we use the pre up-projection block since the memory capacity becomes larger in the high-dimensional space.', 'the new mLSTM (see Section~\\ref{sec:mLSTM}) with a matrix memory and a covariance (outer product) update rule, which is fully parallelizable.']","['For an xLSTM block containing an mLSTM, we use the pre up-projection block since the memory capacity becomes larger in the high-dimensional space.', 'the new mLSTM (see Section~\\ref{sec:mLSTM}) with a matrix memory and a covariance (outer product) update rule, which is fully parallelizable.']","['For an xLSTM block containing an mLSTM, we use the pre up-projection block since the memory capacity becomes larger in the high-dimensional space.', 'the new mLSTM (see Section~\\ref{sec:mLSTM}) with a matrix memory and a covariance (outer product) update rule, which is fully parallelizable.']","The paper pairs mLSTM with pre up-projection specifically for high-dimensional memory capacity, and mLSTM is also the parallelizable variant.","If you want an xLSTM block that is fully parallelizable and whose memory capacity grows in the high-dimensional space, which block design follows from the paper?",mLSTM pre up-projection,"Question: Which city is the capital of France?
(A) Paris
(B) Berlin
(C) Madrid
(D) Rome
(E) Lisbon
Answer: (A)

Question: Which planet is the largest in the Solar System?
(A) Earth
(B) Jupiter
(C) Saturn
(D) Venus
(E) Mars
Answer: (B)

Question: What is the chemical formula for water?
(A) CO2
(B) O2
(C) H2O
(D) NaCl
(E) CH4
Answer: (C)

Question: What process do plants use to convert sunlight into chemical energy?
(A) Respiration
(B) Fermentation
(C) Evaporation
(D) Photosynthesis
(E) Condensation
Answer: (D)

Question: What is the primary function of red blood cells?
(A) Transmit nerve signals
(B) Produce bile
(C) Filter lymph
(D) Digest proteins
(E) Carry oxygen
Answer: (E)

Question: According to the paper 'xLSTM: Extended Long Short-Term Memory', for an xLSTM block containing an mLSTM, the design used when the memory capacity becomes larger in the high-dimensional space and the block is fully parallelizable is the
(A) sLSTM pre up-projection
(B) sLSTM post up-projection
(C) mLSTM post up-projection
(D) mLSTM pre up-projection
(E) sLSTM with matrix memory and pre up-projection"
"According to the paper 'xLSTM: Extended Long Short-Term Memory', as context length grows, xLSTM generation time should follow a scaling pattern relative to Llama that is",linear rather than quadratic,(C),"According to the paper 'xLSTM: Extended Long Short-Term Memory', as context length grows, xLSTM generation time should follow a scaling pattern relative to Llama that is
(A) constant rather than quadratic
(B) quadratic rather than linear
(C) linear rather than quadratic
(D) the same quadratic pattern as Llama rather than a linear one
(E) sublinear rather than quadratic",constant rather than quadratic,quadratic rather than linear,linear rather than quadratic,the same quadratic pattern as Llama rather than a linear one,sublinear rather than quadratic,"[""quadratic rather than linear"", ""constant rather than quadratic"", ""sublinear rather than quadratic"", ""the same quadratic pattern as Llama rather than a linear one""]","According to the paper 'xLSTM: Extended Long Short-Term Memory', as context length grows, xLSTM generation time should follow a scaling pattern relative to Llama that is linear rather than quadratic",,,Synthesized Insight,"['Contrary to Transformers, xLSTM networks have a linear computation and a constant memory complexity with respect to the sequence length.', 'Figure~\\ref{fig:inference_time_generation} shows the linear scaling of the xLSTM and the other recurrent models Mamba and RWKV-4 compared to the quadratic scaling of Llama.']","['Contrary to Transformers, xLSTM networks have a linear computation and a constant memory complexity with respect to the sequence length.', 'Figure~\\ref{fig:inference_time_generation} shows the linear scaling of the xLSTM and the other recurrent models Mamba and RWKV-4 compared to the quadratic scaling of Llama.']","['Contrary to Transformers, xLSTM networks have a linear computation and a constant memory complexity with respect to the sequence length.', 'Figure~\\ref{fig:inference_time_generation} shows the linear scaling of the xLSTM and the other recurrent models Mamba and RWKV-4 compared to the quadratic scaling of Llama.']",The stated sequence-length complexity and the generation-time experiment both imply linear growth for xLSTM versus quadratic growth for Llama.,"As context length grows, what scaling pattern should xLSTM generation time follow relative to Llama?",linear rather than quadratic,"Question: Which city is the capital of France?
(A) Paris
(B) Berlin
(C) Madrid
(D) Rome
(E) Lisbon
Answer: (A)

Question: Which planet is the largest in the Solar System?
(A) Earth
(B) Jupiter
(C) Saturn
(D) Venus
(E) Mars
Answer: (B)

Question: What is the chemical formula for water?
(A) CO2
(B) O2
(C) H2O
(D) NaCl
(E) CH4
Answer: (C)

Question: What process do plants use to convert sunlight into chemical energy?
(A) Respiration
(B) Fermentation
(C) Evaporation
(D) Photosynthesis
(E) Condensation
Answer: (D)

Question: What is the primary function of red blood cells?
(A) Transmit nerve signals
(B) Produce bile
(C) Filter lymph
(D) Digest proteins
(E) Carry oxygen
Answer: (E)

Question: According to the paper 'xLSTM: Extended Long Short-Term Memory', as context length grows, xLSTM generation time should follow a scaling pattern relative to Llama that is
(A) constant rather than quadratic
(B) quadratic rather than linear
(C) linear rather than quadratic
(D) the same quadratic pattern as Llama rather than a linear one
(E) sublinear rather than quadratic"
"According to the paper 'xLSTM: Extended Long Short-Term Memory', if you want a tested 2-block xLSTM that contains both matrix memory and memory mixing, the architecture that fits is",xLSTM[1:1],(E),"According to the paper 'xLSTM: Extended Long Short-Term Memory', if you want a tested 2-block xLSTM that contains both matrix memory and memory mixing, the architecture that fits is
(A) mLSTM
(B) xLSTM[0:1]
(C) xLSTM[1:0]
(D) LSTM (Block)
(E) xLSTM[1:1]",mLSTM,xLSTM[0:1],xLSTM[1:0],LSTM (Block),xLSTM[1:1],"[""xLSTM[0:1]"", ""xLSTM[1:0]"", ""mLSTM"", ""LSTM (Block)""]","According to the paper 'xLSTM: Extended Long Short-Term Memory', if you want a tested 2-block xLSTM that contains both matrix memory and memory mixing, the architecture that fits is xLSTM[1:1]",,,Multi-Fact Integration,"['Those modifications --- exponential gating and novel memory structures --- enrich the LSTM family by two members: (i) the new sLSTM (see Section~\\ref{sec:sLSTM}) with a scalar memory, a scalar update, and memory mixing, and (ii) the new mLSTM (see Section~\\ref{sec:mLSTM}) with a matrix memory and a covariance (outer product) update rule, which is fully parallelizable.', 'We compare 2-block architectures of the following methods on these tasks: xLSTM[0:1] (i.e., only sLSTM), xLSTM[1:0] (i.e., only mLSTM), xLSTM[1:1], Llama, Mamba, RWKV, Retention, Hyena, LSTM, and LSTM in Transformer blocks (LSTM (Block)).']","['Those modifications --- exponential gating and novel memory structures --- enrich the LSTM family by two members: (i) the new sLSTM (see Section~\\ref{sec:sLSTM}) with a scalar memory, a scalar update, and memory mixing, and (ii) the new mLSTM (see Section~\\ref{sec:mLSTM}) with a matrix memory and a covariance (outer product) update rule, which is fully parallelizable.', 'We compare 2-block architectures of the following methods on these tasks: xLSTM[0:1] (i.e., only sLSTM), xLSTM[1:0] (i.e., only mLSTM), xLSTM[1:1], Llama, Mamba, RWKV, Retention, Hyena, LSTM, and LSTM in Transformer blocks (LSTM (Block)).']","['Those modifications --- exponential gating and novel memory structures --- enrich the LSTM family by two members: (i) the new sLSTM (see Section~\\ref{sec:sLSTM}) with a scalar memory, a scalar update, and memory mixing, and (ii) the new mLSTM (see Section~\\ref{sec:mLSTM}) with a matrix memory and a covariance (outer product) update rule, which is fully parallelizable.', 'We compare 2-block architectures of the following methods on these tasks: xLSTM[0:1] (i.e., only sLSTM), xLSTM[1:0] (i.e., only mLSTM), xLSTM[1:1], Llama, Mamba, RWKV, Retention, Hyena, LSTM, and LSTM in Transformer blocks (LSTM (Block)).']","A 2-block xLSTM[1:1] includes both one sLSTM block and one mLSTM block, so it is the tested architecture that combines memory mixing with matrix memory.","If you want a tested 2-block xLSTM that contains both matrix memory and memory mixing, which architecture fits?",xLSTM[1:1],"Question: Which city is the capital of France?
(A) Paris
(B) Berlin
(C) Madrid
(D) Rome
(E) Lisbon
Answer: (A)

Question: Which planet is the largest in the Solar System?
(A) Earth
(B) Jupiter
(C) Saturn
(D) Venus
(E) Mars
Answer: (B)

Question: What is the chemical formula for water?
(A) CO2
(B) O2
(C) H2O
(D) NaCl
(E) CH4
Answer: (C)

Question: What process do plants use to convert sunlight into chemical energy?
(A) Respiration
(B) Fermentation
(C) Evaporation
(D) Photosynthesis
(E) Condensation
Answer: (D)

Question: What is the primary function of red blood cells?
(A) Transmit nerve signals
(B) Produce bile
(C) Filter lymph
(D) Digest proteins
(E) Carry oxygen
Answer: (E)

Question: According to the paper 'xLSTM: Extended Long Short-Term Memory', if you want a tested 2-block xLSTM that contains both matrix memory and memory mixing, the architecture that fits is
(A) mLSTM
(B) xLSTM[0:1]
(C) xLSTM[1:0]
(D) LSTM (Block)
(E) xLSTM[1:1]"
"According to the paper 'xLSTM: Extended Long Short-Term Memory', the xLSTM cell that matches both of these goals, larger storage capacity and full parallelization, is",mLSTM,(C),"According to the paper 'xLSTM: Extended Long Short-Term Memory', the xLSTM cell that matches both of these goals, larger storage capacity and full parallelization, is
(A) the scalar-memory cell enriched by exponential gating
(B) sLSTM
(C) mLSTM
(D) the scalar-update xLSTM variant
(E) the new sLSTM with a scalar memory and memory mixing",the scalar-memory cell enriched by exponential gating,sLSTM,mLSTM,the scalar-update xLSTM variant,the new sLSTM with a scalar memory and memory mixing,"[""sLSTM"", ""the new sLSTM with a scalar memory and memory mixing"", ""the scalar-update xLSTM variant"", ""the scalar-memory cell enriched by exponential gating""]","According to the paper 'xLSTM: Extended Long Short-Term Memory', the xLSTM cell that matches both of these goals, larger storage capacity and full parallelization, is mLSTM",,,Multi-Fact Integration,"['To enhance storage capacities of LSTMs, we increase the LSTM memory cell from a scalar $c \\in \\mathbb{R}$ to a matrix $\\mathbf{C} \\in \\mathbb{R}^{d \\times d}$.', 'Those modifications --- exponential gating and novel memory structures --- enrich the LSTM family by two members: (i) the new sLSTM (see Section~\\ref{sec:sLSTM}) with a scalar memory, a scalar update, and memory mixing, and (ii) the new mLSTM (see Section~\\ref{sec:mLSTM}) with a matrix memory and a covariance (outer product) update rule, which is fully parallelizable.']","['To enhance storage capacities of LSTMs, we increase the LSTM memory cell from a scalar $c \\in \\mathbb{R}$ to a matrix $\\mathbf{C} \\in \\mathbb{R}^{d \\times d}$.', 'Those modifications --- exponential gating and novel memory structures --- enrich the LSTM family by two members: (i) the new sLSTM (see Section~\\ref{sec:sLSTM}) with a scalar memory, a scalar update, and memory mixing, and (ii) the new mLSTM (see Section~\\ref{sec:mLSTM}) with a matrix memory and a covariance (outer product) update rule, which is fully parallelizable.']","['To enhance storage capacities of LSTMs, we increase the LSTM memory cell from a scalar $c \\in \\mathbb{R}$ to a matrix $\\mathbf{C} \\in \\mathbb{R}^{d \\times d}$.', 'Those modifications --- exponential gating and novel memory structures --- enrich the LSTM family by two members: (i) the new sLSTM (see Section~\\ref{sec:sLSTM}) with a scalar memory, a scalar update, and memory mixing, and (ii) the new mLSTM (see Section~\\ref{sec:mLSTM}) with a matrix memory and a covariance (outer product) update rule, which is fully parallelizable.']","The variant that explicitly increases storage capacity via a matrix memory is mLSTM, and the same sentence also states that this variant is fully parallelizable.",Which xLSTM cell matches both of these goals: larger storage capacity and full parallelization?,mLSTM,"Question: Which city is the capital of France?
(A) Paris
(B) Berlin
(C) Madrid
(D) Rome
(E) Lisbon
Answer: (A)

Question: Which planet is the largest in the Solar System?
(A) Earth
(B) Jupiter
(C) Saturn
(D) Venus
(E) Mars
Answer: (B)

Question: What is the chemical formula for water?
(A) CO2
(B) O2
(C) H2O
(D) NaCl
(E) CH4
Answer: (C)

Question: What process do plants use to convert sunlight into chemical energy?
(A) Respiration
(B) Fermentation
(C) Evaporation
(D) Photosynthesis
(E) Condensation
Answer: (D)

Question: What is the primary function of red blood cells?
(A) Transmit nerve signals
(B) Produce bile
(C) Filter lymph
(D) Digest proteins
(E) Carry oxygen
Answer: (E)

Question: According to the paper 'xLSTM: Extended Long Short-Term Memory', the xLSTM cell that matches both of these goals, larger storage capacity and full parallelization, is
(A) the scalar-memory cell enriched by exponential gating
(B) sLSTM
(C) mLSTM
(D) the scalar-update xLSTM variant
(E) the new sLSTM with a scalar memory and memory mixing"
"According to the paper 'xLSTM: Extended Long Short-Term Memory', even after splitting sLSTM into multiple heads, the feature that still prevents full parallelization is",memory mixing within heads,(A),"According to the paper 'xLSTM: Extended Long Short-Term Memory', even after splitting sLSTM into multiple heads, the feature that still prevents full parallelization is
(A) memory mixing within heads
(B) gate synchronization across heads
(C) memory mixing across heads
(D) shared cell-state updates across heads
(E) hidden-state concatenation between heads",memory mixing within heads,gate synchronization across heads,memory mixing across heads,shared cell-state updates across heads,hidden-state concatenation between heads,"[""memory mixing across heads"", ""hidden-state concatenation between heads"", ""shared cell-state updates across heads"", ""gate synchronization across heads""]","According to the paper 'xLSTM: Extended Long Short-Term Memory', even after splitting sLSTM into multiple heads, the feature that still prevents full parallelization is memory mixing within heads",,,Multi-Fact Integration,"['The new sLSTM can have multiple heads with memory mixing within each head but not across heads.', 'sLSTM is not parallelizable due to the memory mixing (hidden-hidden connections).']","['The new sLSTM can have multiple heads with memory mixing within each head but not across heads.', 'sLSTM is not parallelizable due to the memory mixing (hidden-hidden connections).']","['The new sLSTM can have multiple heads with memory mixing within each head but not across heads.', 'sLSTM is not parallelizable due to the memory mixing (hidden-hidden connections).']","Even after splitting into heads, sLSTM still keeps memory mixing inside each head, so the reason it cannot be fully parallelized remains.","Even after splitting sLSTM into multiple heads, what feature still prevents full parallelization?",memory mixing within heads,"Question: Which city is the capital of France?
(A) Paris
(B) Berlin
(C) Madrid
(D) Rome
(E) Lisbon
Answer: (A)

Question: Which planet is the largest in the Solar System?
(A) Earth
(B) Jupiter
(C) Saturn
(D) Venus
(E) Mars
Answer: (B)

Question: What is the chemical formula for water?
(A) CO2
(B) O2
(C) H2O
(D) NaCl
(E) CH4
Answer: (C)

Question: What process do plants use to convert sunlight into chemical energy?
(A) Respiration
(B) Fermentation
(C) Evaporation
(D) Photosynthesis
(E) Condensation
Answer: (D)

Question: What is the primary function of red blood cells?
(A) Transmit nerve signals
(B) Produce bile
(C) Filter lymph
(D) Digest proteins
(E) Carry oxygen
Answer: (E)

Question: According to the paper 'xLSTM: Extended Long Short-Term Memory', even after splitting sLSTM into multiple heads, the feature that still prevents full parallelization is
(A) memory mixing within heads
(B) gate synchronization across heads
(C) memory mixing across heads
(D) shared cell-state updates across heads
(E) hidden-state concatenation between heads"
"In the paper 'xLSTM: Extended Long Short-Term Memory', after residual backbones and up-projection are already in place, the two later additions identified as the main sources of xLSTM's performance gain are",exponential gating and matrix memory,(A),"In the paper 'xLSTM: Extended Long Short-Term Memory', after residual backbones and up-projection are already in place, the two later additions identified as the main sources of xLSTM's performance gain are
(A) exponential gating and matrix memory
(B) exponential gating and post up-projection blocks
(C) integrated LSTM layers and exponential gating
(D) matrix memory and pre-LayerNorm residual backbones
(E) pre-LayerNorm residual backbones and post up-projection blocks",exponential gating and matrix memory,exponential gating and post up-projection blocks,integrated LSTM layers and exponential gating,matrix memory and pre-LayerNorm residual backbones,pre-LayerNorm residual backbones and post up-projection blocks,"[""pre-LayerNorm residual backbones and post up-projection blocks"", ""exponential gating and post up-projection blocks"", ""matrix memory and pre-LayerNorm residual backbones"", ""integrated LSTM layers and exponential gating""]","In the paper 'xLSTM: Extended Long Short-Term Memory', after residual backbones and up-projection are already in place, the two later additions identified as the main sources of xLSTM's performance gain are exponential gating and matrix memory",,,Multi-Fact Integration,"['Firstly, we integrate LSTM layers into pre-LayerNorm residual backbones. Secondly, we extend this to a post up-projection block. Finally, we add exponential gating and matrix memory.', 'The ablation studies attribute the strong performance improvement to both the exponential gating and the matrix memory.']","['Firstly, we integrate LSTM layers into pre-LayerNorm residual backbones. Secondly, we extend this to a post up-projection block. Finally, we add exponential gating and matrix memory.', 'The ablation studies attribute the strong performance improvement to both the exponential gating and the matrix memory.']","['Firstly, we integrate LSTM layers into pre-LayerNorm residual backbones. Secondly, we extend this to a post up-projection block. Finally, we add exponential gating and matrix memory.', 'The ablation studies attribute the strong performance improvement to both the exponential gating and the matrix memory.']","Since the ablation sequence separates backbone changes from the final additions, and the reported gains are attributed to the latter, those two additions are the main drivers.","After residual backbones and up-projection are already in place, which two later additions are identified as the main sources of xLSTM's performance gain?",exponential gating and matrix memory,"Question: Which city is the capital of France?
(A) Paris
(B) Berlin
(C) Madrid
(D) Rome
(E) Lisbon
Answer: (A)

Question: Which planet is the largest in the Solar System?
(A) Earth
(B) Jupiter
(C) Saturn
(D) Venus
(E) Mars
Answer: (B)

Question: What is the chemical formula for water?
(A) CO2
(B) O2
(C) H2O
(D) NaCl
(E) CH4
Answer: (C)

Question: What process do plants use to convert sunlight into chemical energy?
(A) Respiration
(B) Fermentation
(C) Evaporation
(D) Photosynthesis
(E) Condensation
Answer: (D)

Question: What is the primary function of red blood cells?
(A) Transmit nerve signals
(B) Produce bile
(C) Filter lymph
(D) Digest proteins
(E) Carry oxygen
Answer: (E)

Question: In the paper 'xLSTM: Extended Long Short-Term Memory', after residual backbones and up-projection are already in place, the two later additions identified as the main sources of xLSTM's performance gain are
(A) exponential gating and matrix memory
(B) exponential gating and post up-projection blocks
(C) integrated LSTM layers and exponential gating
(D) matrix memory and pre-LayerNorm residual backbones
(E) pre-LayerNorm residual backbones and post up-projection blocks"
