step,probe_index,log_prob,perplexity,target_rank
0,0,-10.54246997833252,194.65621948242188,1468.0
0,1,-14.357345581054688,119.79499053955078,3762.0
0,2,-10.029427528381348,28.307945251464844,995.0
0,3,-13.189303398132324,6.580996990203857,9.0
0,4,-21.107343673706055,68.13349914550781,445.0
0,5,-12.59135627746582,23.28569221496582,40.0
0,6,-61.709869384765625,950.1807250976562,6837.0
0,7,-16.94754409790039,4787.5400390625,2393.0
0,8,-14.512255668640137,126.14330291748047,1368.0
0,9,-11.228923797607422,274.3656921386719,37.0
0,10,-18.462942123413086,101.06214141845703,241.0
2,0,-10.570084571838379,197.36251831054688,1497.0
2,1,-14.259035110473633,115.93291473388672,3691.0
2,2,-10.024297714233398,28.25958251953125,992.0
2,3,-13.168014526367188,6.561012268066406,9.0
2,4,-21.063522338867188,67.5389633178711,432.0
2,5,-12.620719909667969,23.457260131835938,40.0
2,6,-61.689170837402344,947.9981079101562,6952.0
2,7,-16.95494842529297,4805.29736328125,2363.0
2,8,-14.559361457824707,128.1396026611328,1370.0
2,9,-11.246166229248047,276.7413024902344,37.0
2,10,-18.56957244873047,103.79244995117188,242.0
4,0,-10.522489547729492,192.7212371826172,1462.0
4,1,-14.302620887756348,117.62957000732422,3803.0
4,2,-10.044983863830566,28.455114364624023,1020.0
4,3,-13.208598136901855,6.599161624908447,9.0
4,4,-21.075746536254883,67.70428466796875,456.0
4,5,-12.54755687713623,23.032108306884766,40.0
4,6,-61.24372863769531,902.2202758789062,6987.0
4,7,-16.929288864135742,4744.04052734375,2376.0
4,8,-14.603412628173828,130.03504943847656,1402.0
4,9,-11.30471134185791,284.9619445800781,37.0
4,10,-18.610897064208984,104.87029266357422,246.0
6,0,-10.538630485534668,194.28286743164062,1472.0
6,1,-14.458747863769531,123.91334533691406,3890.0
6,2,-10.048084259033203,28.484539031982422,1040.0
6,3,-13.157364845275879,6.5510382652282715,9.0
6,4,-21.215572357177734,69.62435913085938,452.0
6,5,-12.576959609985352,23.20203399658203,39.0
6,6,-59.82559585571289,770.6915893554688,7230.0
6,7,-16.935222625732422,4758.13623046875,2400.0
6,8,-14.52204418182373,126.55558013916016,1399.0
6,9,-11.222430229187012,273.4763488769531,37.0
6,10,-18.651180267333984,105.93175506591797,256.0
8,0,-10.431241035461426,184.1260528564453,1376.0
8,1,-14.760639190673828,137.03182983398438,4127.0
8,2,-9.929000854492188,27.376005172729492,990.0
8,3,-13.025986671447754,6.429233074188232,9.0
8,4,-21.375904083251953,71.89313507080078,449.0
8,5,-12.494422912597656,22.72818374633789,38.0
8,6,-57.583229064941406,600.724609375,7362.0
8,7,-16.93351936340332,4754.08544921875,2401.0
8,8,-14.677693367004395,133.29495239257812,1504.0
8,9,-11.160564422607422,265.14642333984375,35.0
8,10,-18.771129608154297,109.1564712524414,268.0
10,0,-10.322107315063477,174.34805297851562,1264.0
10,1,-14.958590507507324,146.37869262695312,4366.0
10,2,-9.888710975646973,27.010805130004883,970.0
10,3,-12.822813034057617,6.245307445526123,8.0
10,4,-21.25938606262207,70.23714447021484,461.0
10,5,-12.446588516235352,22.458003997802734,38.0
10,6,-53.02342987060547,361.9450378417969,7848.0
10,7,-17.195755004882812,5420.14306640625,2413.0
10,8,-14.698806762695312,134.23638916015625,1471.0
10,9,-11.096675872802734,256.81036376953125,33.0
10,10,-18.759958267211914,108.85205078125,268.0
12,0,-10.149299621582031,159.9161834716797,1091.0
12,1,-15.097818374633789,153.33209228515625,4572.0
12,2,-9.730853080749512,25.626264572143555,858.0
12,3,-12.726238250732422,6.159736633300781,8.0
12,4,-20.96696662902832,66.24720001220703,501.0
12,5,-12.431705474853516,22.37459945678711,39.0
12,6,-49.44969940185547,243.32815551757812,7826.0
12,7,-17.259750366210938,5596.37939453125,2393.0
12,8,-14.645620346069336,131.8775177001953,1431.0
12,9,-10.929868698120117,236.26034545898438,36.0
12,10,-18.732515335083008,108.10780334472656,247.0
14,0,-9.98647689819336,147.4130401611328,950.0
14,1,-14.877728462219238,142.48587036132812,4494.0
14,2,-9.686827659606934,25.252941131591797,797.0
14,3,-12.573528289794922,6.026812553405762,8.0
14,4,-20.519378662109375,60.5745964050293,533.0
14,5,-12.537713050842285,22.975496292114258,41.0
14,6,-48.6417236328125,222.4352264404297,7489.0
14,7,-17.45399284362793,6167.17724609375,2330.0
14,8,-14.77898120880127,137.87220764160156,1408.0
14,9,-10.660598754882812,206.49978637695312,37.0
14,10,-18.618101119995117,105.05934143066406,219.0
16,0,-9.849953651428223,137.6861572265625,871.0
16,1,-14.679343223571777,133.36831665039062,4294.0
16,2,-9.654610633850098,24.983198165893555,760.0
16,3,-12.366127967834473,5.850866317749023,8.0
16,4,-20.398494720458984,59.12767028808594,542.0
16,5,-12.533297538757324,22.950149536132812,40.0
16,6,-48.408790588378906,216.75216674804688,7137.0
16,7,-17.44290542602539,6133.08203125,2307.0
16,8,-14.98127269744873,147.48960876464844,1498.0
16,9,-10.48033618927002,188.7018280029297,36.0
16,10,-18.65363121032715,105.99668884277344,219.0
18,0,-9.743980407714844,130.58055114746094,811.0
18,1,-14.673218727111816,133.09628295898438,4309.0
18,2,-9.682693481445312,25.21816635131836,766.0
18,3,-12.157756805419922,5.6792683601379395,8.0
18,4,-20.250289916992188,57.400779724121094,545.0
18,5,-12.539076805114746,22.98333168029785,39.0
18,6,-48.08790588378906,209.16021728515625,6929.0
18,7,-17.599346160888672,6632.07568359375,2365.0
18,8,-15.046133041381836,150.71302795410156,1506.0
18,9,-10.4046049118042,181.69009399414062,33.0
18,10,-18.661771774291992,106.2126235961914,211.0
20,0,-9.883627891540527,140.02401733398438,844.0
20,1,-14.535198211669922,127.11167907714844,4138.0
20,2,-9.672646522521973,25.13385009765625,751.0
20,3,-11.839117050170898,5.426543712615967,6.0
20,4,-20.303508758544922,58.015010833740234,561.0
20,5,-12.70102310180664,23.932939529418945,43.0
20,6,-48.00764083862305,207.30316162109375,6838.0
20,7,-17.725826263427734,7065.0341796875,2395.0
20,8,-15.197380065917969,158.5061798095703,1618.0
20,9,-10.335652351379395,175.5328369140625,33.0
20,10,-18.579498291015625,104.05032348632812,214.0
22,0,-9.823654174804688,135.88746643066406,795.0
22,1,-14.375049591064453,120.50404357910156,4030.0
22,2,-9.599867820739746,24.531450271606445,708.0
22,3,-11.56389331817627,5.217324733734131,6.0
22,4,-20.171356201171875,56.50172805786133,557.0
22,5,-12.718183517456055,24.03583526611328,42.0
22,6,-48.13283157348633,210.20697021484375,6844.0
22,7,-17.854169845581055,7533.27294921875,2368.0
22,8,-15.350137710571289,166.7861785888672,1679.0
22,9,-10.280393600463867,170.74937438964844,32.0
22,10,-18.64929962158203,105.88196563720703,215.0
24,0,-9.769819259643555,132.27850341796875,741.0
24,1,-14.248311996459961,115.5192642211914,3880.0
24,2,-9.586089134216309,24.419036865234375,688.0
24,3,-11.432657241821289,5.120421886444092,6.0
24,4,-20.12138557434082,55.93986129760742,577.0
24,5,-12.898460388183594,25.14389419555664,42.0
24,6,-48.09109878540039,209.23443603515625,6695.0
24,7,-17.961225509643555,7947.50048828125,2358.0
24,8,-15.385106086730957,168.7416534423828,1668.0
24,9,-10.144752502441406,159.55300903320312,32.0
24,10,-18.456398010253906,100.89692687988281,213.0
26,0,-9.79355239868164,133.85755920410156,753.0
26,1,-14.181973457336426,112.99284362792969,3884.0
26,2,-9.583372116088867,24.396930694580078,679.0
26,3,-11.159607887268066,4.924533843994141,6.0
26,4,-20.049423217773438,55.14052200317383,591.0
26,5,-13.034599304199219,26.01439094543457,44.0
26,6,-48.36558532714844,215.71408081054688,6664.0
26,7,-17.93685531616211,7851.2470703125,2342.0
26,8,-15.376131057739258,168.23757934570312,1572.0
26,9,-10.1187744140625,157.4939727783203,32.0
26,10,-18.460372924804688,100.99723815917969,209.0
28,0,-9.680511474609375,126.50170135498047,679.0
28,1,-14.031458854675293,107.46369934082031,3712.0
28,2,-9.581265449523926,24.379804611206055,662.0
28,3,-10.86457633972168,4.7212910652160645,6.0
28,4,-20.109922409057617,55.81175994873047,578.0
28,5,-13.133731842041016,26.66716194152832,42.0
28,6,-48.44361877441406,217.592529296875,6489.0
28,7,-17.974721908569336,8001.31298828125,2349.0
28,8,-15.515007019042969,176.2086944580078,1669.0
28,9,-10.11036491394043,156.83314514160156,32.0
28,10,-18.40933609008789,99.71678924560547,209.0
30,0,-9.564779281616211,119.3893051147461,609.0
30,1,-14.00465202331543,106.5076904296875,3736.0
30,2,-9.550891876220703,24.134218215942383,631.0
30,3,-10.672584533691406,4.5935587882995605,6.0
30,4,-20.034055709838867,54.97129440307617,595.0
30,5,-13.215729713439941,27.219467163085938,42.0
30,6,-48.48506164550781,218.5968017578125,6379.0
30,7,-18.082759857177734,8445.4228515625,2342.0
30,8,-15.57595157623291,179.82492065429688,1614.0
30,9,-9.994513511657715,148.006591796875,32.0
30,10,-18.30310821533203,97.10346221923828,202.0
32,0,-9.437539100646973,112.03032684326172,537.0
32,1,-14.036238670349121,107.63504028320312,3771.0
32,2,-9.527915954589844,23.950088500976562,605.0
32,3,-10.51190185546875,4.489315509796143,6.0
32,4,-20.104061126708984,55.74635696411133,594.0
32,5,-13.229796409606934,27.315357208251953,43.0
32,6,-48.624168395996094,222.00172424316406,6434.0
32,7,-18.193618774414062,8926.765625,2311.0
32,8,-15.702411651611328,187.5671844482422,1720.0
32,9,-9.968533515930176,146.09640502929688,31.0
32,10,-18.15805435180664,93.64523315429688,196.0
34,0,-9.389902114868164,109.39346313476562,518.0
34,1,-13.915276527404785,103.38142395019531,3673.0
34,2,-9.463605880737305,23.442142486572266,564.0
34,3,-10.3168363571167,4.365941524505615,6.0
34,4,-20.072816848754883,55.39910888671875,584.0
34,5,-13.367886543273926,28.274818420410156,45.0
34,6,-48.55181884765625,220.2243194580078,6242.0
34,7,-18.304672241210938,9436.4599609375,2307.0
34,8,-15.75061321258545,190.60525512695312,1752.0
34,9,-9.96030044555664,145.49623107910156,31.0
34,10,-18.14398193359375,93.31636047363281,199.0
36,0,-9.213815689086914,100.17391204833984,440.0
36,1,-13.751462936401367,97.88768768310547,3487.0
36,2,-9.435443878173828,23.223112106323242,552.0
36,3,-10.126846313476562,4.24903678894043,6.0
36,4,-20.10450553894043,55.75132751464844,569.0
36,5,-13.484997749328613,29.11488151550293,44.0
36,6,-48.70491409301758,224.00253295898438,6044.0
36,7,-18.352161407470703,9663.205078125,2309.0
36,8,-15.803911209106445,194.0218048095703,1715.0
36,9,-9.817588806152344,135.4759979248047,28.0
36,10,-18.102537155151367,92.35448455810547,197.0
38,0,-9.113332748413086,95.26537322998047,397.0
38,1,-13.791377067565918,99.19876098632812,3565.0
38,2,-9.375096321105957,22.76062774658203,523.0
38,3,-10.013968467712402,4.1810688972473145,6.0
38,4,-19.989534378051758,54.48398971557617,535.0
38,5,-13.477645874023438,29.061418533325195,44.0
38,6,-48.80326461791992,226.46377563476562,6135.0
38,7,-18.331260681152344,9562.7470703125,2290.0
38,8,-15.797496795654297,193.60740661621094,1728.0
38,9,-9.793285369873047,133.83969116210938,31.0
38,10,-18.137611389160156,93.16786193847656,206.0
40,0,-9.007049560546875,90.33497619628906,364.0
40,1,-13.864473342895508,101.64546966552734,3583.0
40,2,-9.29044246673584,22.12734603881836,479.0
40,3,-9.946414947509766,4.140913486480713,6.0
40,4,-20.010181427001953,54.70942687988281,544.0
40,5,-13.465353965759277,28.97224998474121,46.0
40,6,-48.634002685546875,222.24449157714844,5697.0
40,7,-18.547489166259766,10654.57421875,2300.0
40,8,-15.831501007080078,195.81431579589844,1736.0
40,9,-9.723249435424805,129.2340087890625,31.0
40,10,-18.179697036743164,94.1532974243164,209.0
42,0,-9.055334091186523,92.54241180419922,368.0
42,1,-13.550604820251465,91.54843139648438,3338.0
42,2,-9.276861190795898,22.02739906311035,470.0
42,3,-9.762667655944824,4.03363037109375,6.0
42,4,-19.95337677001953,54.09141540527344,529.0
42,5,-13.390655517578125,28.43622589111328,45.0
42,6,-48.76179122924805,225.422607421875,5645.0
42,7,-18.489688873291016,10351.0625,2310.0
42,8,-15.852675437927246,197.2012939453125,1697.0
42,9,-9.736590385437012,130.09893798828125,30.0
42,10,-18.214916229248047,94.98595428466797,213.0
44,0,-8.944219589233398,87.54122161865234,340.0
44,1,-13.611495018005371,93.42557525634766,3399.0
44,2,-9.212849617004395,21.562374114990234,453.0
44,3,-9.779556274414062,4.043374061584473,6.0
44,4,-19.99051284790039,54.49465560913086,515.0
44,5,-13.327812194824219,27.99295997619629,45.0
44,6,-48.679107666015625,223.361083984375,5468.0
44,7,-18.568317413330078,10766.111328125,2241.0
44,8,-15.842554092407227,196.53713989257812,1640.0
44,9,-9.715028762817383,128.70388793945312,28.0
44,10,-18.20672035217285,94.79153442382812,214.0
46,0,-8.836357116699219,82.945068359375,313.0
46,1,-13.581298828125,92.48991394042969,3409.0
46,2,-9.201777458190918,21.482938766479492,457.0
46,3,-9.5482759475708,3.91196346282959,6.0
46,4,-20.010175704956055,54.70937728881836,544.0
46,5,-13.318516731262207,27.92798614501953,46.0
46,6,-48.67121887207031,223.1654052734375,5702.0
46,7,-18.410533905029297,9949.3935546875,2260.0
46,8,-15.871088981628418,198.41542053222656,1647.0
46,9,-9.73342227935791,129.89300537109375,26.0
46,10,-18.239952087402344,95.58233642578125,213.0
48,0,-8.837865829467773,83.0076675415039,303.0
48,1,-13.49955940246582,90.00390625,3284.0
48,2,-9.050466537475586,20.42627716064453,421.0
48,3,-9.501883506774902,3.886122703552246,6.0
48,4,-20.016603469848633,54.779754638671875,520.0
48,5,-13.335663795471191,28.047962188720703,48.0
48,6,-48.572505950927734,220.73106384277344,5652.0
48,7,-18.4649715423584,10223.923828125,2274.0
48,8,-15.910404205322266,201.0328369140625,1641.0
48,9,-9.790536880493164,133.6558837890625,26.0
48,10,-18.33708953857422,97.93190002441406,219.0
50,0,-8.781293869018555,80.6926040649414,297.0
50,1,-13.622824668884277,93.7790756225586,3461.0
50,2,-9.082008361816406,20.64217185974121,430.0
50,3,-9.408848762512207,3.834815263748169,6.0
50,4,-19.99395751953125,54.532203674316406,520.0
50,5,-13.28619384765625,27.703214645385742,46.0
50,6,-48.79193878173828,226.17897033691406,5668.0
50,7,-18.58004379272461,10829.421875,2225.0
50,8,-15.91319465637207,201.2198486328125,1660.0
50,9,-9.732475280761719,129.83151245117188,26.0
50,10,-18.3914794921875,99.27262878417969,222.0
52,0,-8.814406394958496,82.0396957397461,301.0
52,1,-13.472491264343262,89.19548797607422,3320.0
52,2,-8.9990873336792,20.07942771911621,414.0
52,3,-9.356992721557617,3.806511402130127,6.0
52,4,-20.072847366333008,55.39942932128906,500.0
52,5,-13.353678703308105,28.1745662689209,47.0
52,6,-48.516143798828125,219.35308837890625,5512.0
52,7,-18.539352416992188,10611.3154296875,2221.0
52,8,-16.008846282958984,207.7389678955078,1649.0
52,9,-9.672338485717773,125.98580932617188,25.0
52,10,-18.365570068359375,98.63168334960938,224.0
54,0,-8.745159149169922,79.24779510498047,281.0
54,1,-13.317980766296387,84.71788787841797,3144.0
54,2,-9.042584419250488,20.372678756713867,422.0
54,3,-9.301923751831055,3.7766833305358887,6.0
54,4,-20.06599235534668,55.32353591918945,519.0
54,5,-13.373530387878418,28.314741134643555,49.0
54,6,-48.661354064941406,222.9208984375,5482.0
54,7,-18.56684112548828,10758.16796875,2259.0
54,8,-15.987340927124023,206.2550506591797,1619.0
54,9,-9.678091049194336,126.34870147705078,25.0
54,10,-18.534162521362305,102.87767791748047,232.0
56,0,-8.701384544372559,77.53211212158203,269.0
56,1,-13.407610893249512,87.28717041015625,3250.0
56,2,-9.011655807495117,20.163724899291992,409.0
56,3,-9.22580623626709,3.7358384132385254,6.0
56,4,-20.02840805053711,54.90923309326172,502.0
56,5,-13.267488479614258,27.57396697998047,47.0
56,6,-48.68698501586914,223.5567169189453,5291.0
56,7,-18.637453079223633,11144.7802734375,2246.0
56,8,-15.997869491577148,206.9801788330078,1649.0
56,9,-9.605072975158691,121.81901550292969,26.0
56,10,-18.642990112304688,105.71508026123047,236.0
58,0,-8.666016578674316,76.173095703125,266.0
58,1,-13.43224048614502,88.00675964355469,3315.0
58,2,-8.936834335327148,19.66705322265625,398.0
58,3,-9.166278839111328,3.7042040824890137,6.0
58,4,-19.926794052124023,53.80458450317383,509.0
58,5,-13.407940864562988,28.559375762939453,49.0
58,6,-48.63058090209961,222.16004943847656,5399.0
58,7,-18.67452049255371,11353.2607421875,2258.0
58,8,-15.962413787841797,204.54840087890625,1657.0
58,9,-9.62368392944336,122.95790100097656,25.0
58,10,-18.680238723754883,106.70410919189453,228.0
60,0,-8.689156532287598,77.05953216552734,265.0
60,1,-13.392193794250488,86.83975982666016,3252.0
60,2,-8.998137474060059,20.07307243347168,406.0
60,3,-9.160268783569336,3.7010252475738525,6.0
60,4,-19.950422286987305,54.059452056884766,508.0
60,5,-13.272674560546875,27.6097412109375,49.0
60,6,-48.63274002075195,222.2133331298828,5320.0
60,7,-18.539531707763672,10612.2666015625,2227.0
60,8,-15.948128700256348,203.57672119140625,1620.0
60,9,-9.652377128601074,124.73463439941406,25.0
60,10,-18.567195892333984,103.73078918457031,237.0
62,0,-8.632492065429688,74.90689849853516,251.0
62,1,-13.220361709594727,82.0055923461914,3099.0
62,2,-8.910245895385742,19.493518829345703,391.0
62,3,-9.090714454650879,3.6644325256347656,6.0
62,4,-19.961278915405273,54.17695617675781,503.0
62,5,-13.371567726135254,28.300851821899414,47.0
62,6,-48.630916595458984,222.16831970214844,5253.0
62,7,-18.59819793701172,10928.1689453125,2228.0
62,8,-15.922616958618164,201.8528594970703,1620.0
62,9,-9.65298843383789,124.77277374267578,26.0
62,10,-18.666576385498047,106.34027862548828,247.0
64,0,-8.64838695526123,75.50459289550781,259.0
64,1,-13.296101570129395,84.10231018066406,3125.0
64,2,-8.910303115844727,19.4938907623291,390.0
64,3,-9.11919116973877,3.679370403289795,6.0
64,4,-19.969623565673828,54.267452239990234,517.0
64,5,-13.292206764221191,27.744890213012695,48.0
64,6,-48.707271575927734,224.06118774414062,5428.0
64,7,-18.523988723754883,10530.11328125,2215.0
64,8,-15.970602989196777,205.10755920410156,1633.0
64,9,-9.621879577636719,122.8470230102539,25.0
64,10,-18.66277503967285,106.23927307128906,242.0
66,0,-8.669736862182617,76.3149185180664,257.0
66,1,-13.212876319885254,81.80122375488281,3137.0
66,2,-8.868203163146973,19.222238540649414,381.0
66,3,-9.023391723632812,3.6293585300445557,6.0
66,4,-19.93621826171875,53.906097412109375,503.0
66,5,-13.35483169555664,28.182687759399414,50.0
66,6,-48.580474853515625,220.9265899658203,5400.0
66,7,-18.561935424804688,10731.8115234375,2238.0
66,8,-15.867042541503906,198.1480255126953,1538.0
66,9,-9.62839412689209,123.24781799316406,25.0
66,10,-18.542564392089844,103.09398651123047,238.0
68,0,-8.654969215393066,75.75350189208984,254.0
68,1,-13.20956039428711,81.71085357666016,3056.0
68,2,-8.851672172546387,19.116607666015625,379.0
68,3,-9.069398880004883,3.6532909870147705,6.0
68,4,-20.035255432128906,54.98448181152344,505.0
68,5,-13.347187995910645,28.12888526916504,49.0
68,6,-48.540531158447266,219.94830322265625,5282.0
68,7,-18.567840576171875,10763.5458984375,2175.0
68,8,-15.931254386901855,202.4348602294922,1616.0
68,9,-9.610626220703125,122.15773010253906,25.0
68,10,-18.583942413330078,104.16598510742188,249.0
70,0,-8.571060180664062,72.64103698730469,237.0
70,1,-13.272854804992676,83.45310974121094,3129.0
70,2,-8.784601211547852,18.693960189819336,365.0
70,3,-9.026410102844238,3.6309239864349365,6.0
70,4,-20.022424697875977,54.84357833862305,514.0
70,5,-13.308553695678711,27.858509063720703,48.0
70,6,-48.5778923034668,220.86318969726562,5299.0
70,7,-18.618255615234375,11038.3173828125,2244.0
70,8,-15.971746444702148,205.18572998046875,1587.0
70,9,-9.582976341247559,120.48052978515625,25.0
70,10,-18.574403762817383,103.91788482666016,243.0
72,0,-8.564414024353027,72.4000473022461,235.0
72,1,-13.131197929382324,79.60414123535156,3052.0
72,2,-8.848345756530762,19.095422744750977,373.0
72,3,-9.011300086975098,3.6230947971343994,6.0
72,4,-19.952707290649414,54.084163665771484,503.0
72,5,-13.296384811401367,27.77388572692871,47.0
72,6,-48.57414245605469,220.77127075195312,5220.0
72,7,-18.647563934326172,11201.2646484375,2225.0
72,8,-15.891008377075195,199.7372589111328,1516.0
72,9,-9.602960586547852,121.69042205810547,25.0
72,10,-18.55845832824707,103.50444793701172,244.0
74,0,-8.634695053100586,74.98945617675781,250.0
74,1,-13.126237869262695,79.47261810302734,3003.0
74,2,-8.889571189880371,19.359636306762695,385.0
74,3,-9.041461944580078,3.638739824295044,6.0
74,4,-19.983694076538086,54.42039108276367,511.0
74,5,-13.3068208694458,27.84644317626953,46.0
74,6,-48.53363037109375,219.7797393798828,5300.0
74,7,-18.64078140258789,11163.341796875,2235.0
74,8,-15.901531219482422,200.4390869140625,1569.0
74,9,-9.601303100585938,121.58960723876953,26.0
74,10,-18.64299774169922,105.71528625488281,251.0
76,0,-8.611210823059082,74.11407470703125,245.0
76,1,-13.247077941894531,82.73914337158203,3140.0
76,2,-8.889761924743652,19.360868453979492,387.0
76,3,-9.088132858276367,3.663081407546997,6.0
76,4,-20.00140953063965,54.6135368347168,515.0
76,5,-13.280319213867188,27.662559509277344,48.0
76,6,-48.58836364746094,221.1203155517578,5370.0
76,7,-18.542896270751953,10630.134765625,2198.0
76,8,-15.852193832397461,197.16969299316406,1514.0
76,9,-9.644906044006348,124.2695541381836,26.0
76,10,-18.601722717285156,104.63004302978516,247.0
78,0,-8.57531452178955,72.79573059082031,242.0
78,1,-13.172151565551758,80.69825744628906,3084.0
78,2,-8.81546688079834,18.887285232543945,371.0
78,3,-8.963205337524414,3.5982868671417236,6.0
78,4,-20.04665184020996,55.109947204589844,497.0
78,5,-13.33301067352295,28.02936553955078,48.0
78,6,-48.55693817138672,220.34962463378906,5303.0
78,7,-18.550777435302734,10672.10546875,2244.0
78,8,-15.957220077514648,204.19454956054688,1587.0
78,9,-9.633035659790039,123.5341796875,25.0
78,10,-18.592361450195312,104.38545989990234,234.0
80,0,-8.576581954956055,72.84187316894531,243.0
80,1,-13.106748580932617,78.95800018310547,2997.0
80,2,-8.837749481201172,19.028093338012695,373.0
80,3,-8.98100471496582,3.6074483394622803,6.0
80,4,-19.979766845703125,54.37765884399414,515.0
80,5,-13.307361602783203,27.85020637512207,49.0
80,6,-48.576114654541016,220.81959533691406,5363.0
80,7,-18.568599700927734,10767.6318359375,2217.0
80,8,-16.038724899291992,209.81820678710938,1610.0
80,9,-9.629775047302246,123.33294677734375,25.0
80,10,-18.63929557800293,105.61747741699219,239.0
82,0,-8.563732147216797,72.37537384033203,230.0
82,1,-13.151748657226562,80.15132141113281,3022.0
82,2,-8.844399452209473,19.07032012939453,372.0
82,3,-8.988715171813965,3.611423969268799,6.0
82,4,-20.0047550201416,54.65008544921875,517.0
82,5,-13.294443130493164,27.760408401489258,49.0
82,6,-48.447574615478516,217.68821716308594,5208.0
82,7,-18.658151626586914,11260.71875,2245.0
82,8,-15.975358009338379,205.43292236328125,1620.0
82,9,-9.56217098236084,119.23371124267578,25.0
82,10,-18.607303619384766,104.776123046875,248.0
84,0,-8.541136741638184,71.56230163574219,232.0
84,1,-13.204998016357422,81.5866928100586,3053.0
84,2,-8.815853118896484,18.88971710205078,371.0
84,3,-9.085440635681152,3.661672592163086,6.0
84,4,-19.972524642944336,54.298954010009766,499.0
84,5,-13.278597831726074,27.650657653808594,48.0
84,6,-48.57795333862305,220.86477661132812,5122.0
84,7,-18.641216278076172,11165.7705078125,2245.0
84,8,-15.936588287353516,202.79513549804688,1571.0
84,9,-9.616239547729492,122.5010757446289,26.0
84,10,-18.634845733642578,105.50005340576172,247.0
86,0,-8.584155082702637,73.11821746826172,236.0
86,1,-13.184799194335938,81.03921508789062,3094.0
86,2,-8.8159818649292,18.890527725219727,370.0
86,3,-9.045585632324219,3.6408841609954834,6.0
86,4,-19.96874237060547,54.25788879394531,492.0
86,5,-13.243555068969727,27.409475326538086,47.0
86,6,-48.56183624267578,220.4695587158203,5256.0
86,7,-18.56378936767578,10741.7646484375,2224.0
86,8,-15.951526641845703,203.80740356445312,1616.0
86,9,-9.622041702270508,122.85697937011719,26.0
86,10,-18.66745948791504,106.36376190185547,238.0
88,0,-8.574091911315918,72.7512435913086,234.0
88,1,-13.084344863891602,78.37055969238281,3015.0
88,2,-8.818204879760742,18.904531478881836,372.0
88,3,-9.012069702148438,3.623492956161499,6.0
88,4,-19.984006881713867,54.423789978027344,525.0
88,5,-13.30208969116211,27.813526153564453,48.0
88,6,-48.59239196777344,221.21934509277344,5169.0
88,7,-18.575756072998047,10806.2294921875,2238.0
88,8,-16.002836227416992,207.32313537597656,1655.0
88,9,-9.618764877319336,122.65584564208984,25.0
88,10,-18.526731491088867,102.68672943115234,244.0
90,0,-8.533690452575684,71.29635620117188,230.0
90,1,-13.003430366516113,76.28504943847656,2872.0
90,2,-8.785748481750488,18.70111083984375,365.0
90,3,-9.01440143585205,3.6247000694274902,6.0
90,4,-19.922731399536133,53.760887145996094,499.0
90,5,-13.321431159973145,27.948339462280273,49.0
90,6,-48.51612854003906,219.35267639160156,5290.0
90,7,-18.688678741455078,11433.916015625,2229.0
90,8,-15.97610855102539,205.4842529296875,1595.0
90,9,-9.534034729003906,117.56806182861328,26.0
90,10,-18.594684600830078,104.44610595703125,246.0
92,0,-8.491567611694336,69.81046295166016,224.0
92,1,-13.225944519042969,82.15830993652344,3083.0
92,2,-8.896032333374023,19.401378631591797,384.0
92,3,-8.933374404907227,3.5829854011535645,6.0
92,4,-20.04750633239746,55.119384765625,506.0
92,5,-13.182430267333984,26.99380874633789,46.0
92,6,-48.75575256347656,225.2714080810547,5255.0
92,7,-18.57227897644043,10787.4580078125,2233.0
92,8,-15.948200225830078,203.58157348632812,1618.0
92,9,-9.602781295776367,121.67951202392578,25.0
92,10,-18.70452880859375,107.35404968261719,254.0
94,0,-8.457826614379883,68.6426010131836,223.0
94,1,-13.229657173156738,82.26007843017578,3108.0
94,2,-8.849699020385742,19.104036331176758,374.0
94,3,-8.966498374938965,3.599980354309082,6.0
94,4,-19.931175231933594,53.85176086425781,498.0
94,5,-13.328349113464355,27.996719360351562,47.0
94,6,-48.52912521362305,219.6697235107422,5258.0
94,7,-18.574569702148438,10799.8212890625,2232.0
94,8,-15.981865882873535,205.87901306152344,1610.0
94,9,-9.583102226257324,120.48812103271484,25.0
94,10,-18.609668731689453,104.83809661865234,244.0
96,0,-8.594969749450684,73.51466369628906,239.0
96,1,-13.192259788513184,81.2409896850586,3045.0
96,2,-8.832940101623535,18.99761199951172,371.0
96,3,-9.017616271972656,3.6263654232025146,6.0
96,4,-19.982257843017578,54.40475845336914,493.0
96,5,-13.243184089660645,27.40693473815918,48.0
96,6,-48.60102081298828,221.43157958984375,5263.0
96,7,-18.618911743164062,11041.9384765625,2227.0
96,8,-16.08888053894043,213.35560607910156,1674.0
96,9,-9.608384132385254,122.02086639404297,25.0
96,10,-18.68610382080078,106.86067962646484,257.0
98,0,-8.51744270324707,70.7195053100586,232.0
98,1,-12.98512077331543,75.82085418701172,2910.0
98,2,-8.813758850097656,18.876535415649414,366.0
98,3,-9.061723709106445,3.649287462234497,6.0
98,4,-19.8619441986084,53.11124801635742,484.0
98,5,-13.290216445922852,27.731090545654297,47.0
98,6,-48.54682159423828,220.10202026367188,5377.0
98,7,-18.61627960205078,11027.4169921875,2256.0
98,8,-15.888657569885254,199.58082580566406,1564.0
98,9,-9.676687240600586,126.26004028320312,26.0
98,10,-18.634790420532227,105.49859619140625,244.0
100,0,-8.567700386047363,72.51911163330078,233.0
100,1,-12.963332176208496,75.27218627929688,2879.0
100,2,-8.787406921386719,18.711448669433594,362.0
100,3,-8.999215126037598,3.6168453693389893,6.0
100,4,-20.048072814941406,55.1256103515625,511.0
100,5,-13.319530487060547,27.9350643157959,49.0
100,6,-48.57731246948242,220.84896850585938,5156.0
100,7,-18.643753051757812,11179.94140625,2264.0
100,8,-16.021373748779297,208.60821533203125,1647.0
100,9,-9.567042350769043,119.52447509765625,25.0
100,10,-18.686935424804688,106.88290405273438,244.0
