probe,target,correct_label,formatted_question,option_a,option_b,option_c,option_d,option_e,distractors,fact,raw_knowledge_statement,section,inference_type,source_fact(s),source_facts,text_sentences,derivation,question,answer
"According to the case report 'Acute neurological Behçet's disease complicated by a syndrome of inappropriate secretion of antidiuretic hormone', after viral, bacterial, and tuberculous meningitis were ruled out, the neurological diagnosis established in the context of his Behçet-related mucocutaneous findings was",acute neuro-BD,(E),"According to the case report 'Acute neurological Behçet's disease complicated by a syndrome of inappropriate secretion of antidiuretic hormone', after viral, bacterial, and tuberculous meningitis were ruled out, the neurological diagnosis established in the context of his Behçet-related mucocutaneous findings was
(A) tuberculous meningitis
(B) neoplastic meningitis
(C) autoimmune meningoencephalitis
(D) chronic progressive neuro-BD
(E) acute neuro-BD",tuberculous meningitis,neoplastic meningitis,autoimmune meningoencephalitis,chronic progressive neuro-BD,acute neuro-BD,"[""chronic progressive neuro-BD"", ""autoimmune meningoencephalitis"", ""neoplastic meningitis"", ""tuberculous meningitis""]","According to the case report 'Acute neurological Behçet's disease complicated by a syndrome of inappropriate secretion of antidiuretic hormone', after viral, bacterial, and tuberculous meningitis were ruled out, the neurological diagnosis established in the context of his Behçet-related mucocutaneous findings was acute neuro-BD",,,Multi-Fact Integration,"['CSF testing was negative for viral antigen and antibodies, effectively excluding these possibilities.', 'Bacterial meningitis was also considered but ruled out based on the absence of neutrophilic predominance, mild lymphocytic pleocytosis and negative CSF cultures.', 'Tuberculous meningitis was excluded because the results for acid-fast staining and tuberculosis DNA testing were negative.', 'After excluding infectious, neoplastic and autoimmune causes, a diagnosis of acute neuro-BD was established, with CNS symptoms in the context of mucocutaneous findings.']","['CSF testing was negative for viral antigen and antibodies, effectively excluding these possibilities.', 'Bacterial meningitis was also considered but ruled out based on the absence of neutrophilic predominance, mild lymphocytic pleocytosis and negative CSF cultures.', 'Tuberculous meningitis was excluded because the results for acid-fast staining and tuberculosis DNA testing were negative.', 'After excluding infectious, neoplastic and autoimmune causes, a diagnosis of acute neuro-BD was established, with CNS symptoms in the context of mucocutaneous findings.']","['CSF testing was negative for viral antigen and antibodies, effectively excluding these possibilities.', 'Bacterial meningitis was also considered but ruled out based on the absence of neutrophilic predominance, mild lymphocytic pleocytosis and negative CSF cultures.', 'Tuberculous meningitis was excluded because the results for acid-fast staining and tuberculosis DNA testing were negative.', 'After excluding infectious, neoplastic and autoimmune causes, a diagnosis of acute neuro-BD was established, with CNS symptoms in the context of mucocutaneous findings.']","Once infectious causes were excluded and the CNS symptoms were interpreted in the setting of Behçet-related mucocutaneous findings, the remaining diagnosis stated by the report was acute neuro-BD.","After viral, bacterial, and tuberculous meningitis were ruled out, what neurological diagnosis was established in the context of his Behçet-related mucocutaneous findings?",acute neuro-BD
"According to the case report 'Acute neurological Behçet's disease complicated by a syndrome of inappropriate secretion of antidiuretic hormone', the Behçet’s diagnosis was established independently of the positive HLA-B51 result on the basis of",clinical features,(C),"According to the case report 'Acute neurological Behçet's disease complicated by a syndrome of inappropriate secretion of antidiuretic hormone', the Behçet’s diagnosis was established independently of the positive HLA-B51 result on the basis of
(A) the positive HLA-B51 result
(B) international diagnostic criteria alone
(C) clinical features
(D) radiological findings
(E) cerebrospinal fluid abnormalities",the positive HLA-B51 result,international diagnostic criteria alone,clinical features,radiological findings,cerebrospinal fluid abnormalities,"[""the positive HLA-B51 result"", ""radiological findings"", ""cerebrospinal fluid abnormalities"", ""international diagnostic criteria alone""]","According to the case report 'Acute neurological Behçet's disease complicated by a syndrome of inappropriate secretion of antidiuretic hormone', the Behçet’s diagnosis was established independently of the positive HLA-B51 result on the basis of clinical features",,,Reasoning Step,"['HLA-B51 was positive.', 'Although HLA-B51 testing was performed, it did not contribute to establishing the diagnosis. This aligns with international BD criteria, which do not require HLA-B51 and rely mainly on clinical features.']","['HLA-B51 was positive.', 'Although HLA-B51 testing was performed, it did not contribute to establishing the diagnosis. This aligns with international BD criteria, which do not require HLA-B51 and rely mainly on clinical features.']","['HLA-B51 was positive.', 'Although HLA-B51 testing was performed, it did not contribute to establishing the diagnosis. This aligns with international BD criteria, which do not require HLA-B51 and rely mainly on clinical features.']","Because the criteria do not require HLA-B51, the diagnosis had to rest on the patient's clinical findings instead.",What established the Behçet’s diagnosis independently of the positive HLA-B51 result?,clinical features
"According to the case report 'Acute neurological Behçet's disease complicated by a syndrome of inappropriate secretion of antidiuretic hormone', a single treatment was temporally linked to improvement in mucocutaneous symptoms, neurological symptoms, and hyponatraemia without steroids or other immunosuppressants, namely",colchicine monotherapy,(A),"According to the case report 'Acute neurological Behçet's disease complicated by a syndrome of inappropriate secretion of antidiuretic hormone', a single treatment was temporally linked to improvement in mucocutaneous symptoms, neurological symptoms, and hyponatraemia without steroids or other immunosuppressants, namely
(A) colchicine monotherapy
(B) systemic corticosteroid monotherapy
(C) azathioprine monotherapy
(D) fluid restriction with supportive care alone
(E) combined colchicine and corticosteroid therapy",colchicine monotherapy,systemic corticosteroid monotherapy,azathioprine monotherapy,fluid restriction with supportive care alone,combined colchicine and corticosteroid therapy,"[""systemic corticosteroid monotherapy"", ""azathioprine monotherapy"", ""fluid restriction with supportive care alone"", ""combined colchicine and corticosteroid therapy""]","According to the case report 'Acute neurological Behçet's disease complicated by a syndrome of inappropriate secretion of antidiuretic hormone', a single treatment was temporally linked to improvement in mucocutaneous symptoms, neurological symptoms, and hyponatraemia without steroids or other immunosuppressants, namely colchicine monotherapy",,,Synthesized Insight,"['On day 8, colchicine was started following the diagnosis of systemic BD and acute neuro-BD.', 'The patient’s fever resolved, and his appetite improved the day after he started taking colchicine. Over the following 2\u2009weeks, his symptoms, including vertigo, general malaise, hiccups and mucocutaneous lesions, gradually improved. By day 16, serum sodium had normalised to 136\u2009mmol/L, and ADH levels had decreased to 1.8\u2009pg/mL.', 'Importantly, no systemic corticosteroids or other immunosuppressants were used during treatment.']","['On day 8, colchicine was started following the diagnosis of systemic BD and acute neuro-BD.', 'The patient’s fever resolved, and his appetite improved the day after he started taking colchicine. Over the following 2\u2009weeks, his symptoms, including vertigo, general malaise, hiccups and mucocutaneous lesions, gradually improved. By day 16, serum sodium had normalised to 136\u2009mmol/L, and ADH levels had decreased to 1.8\u2009pg/mL.', 'Importantly, no systemic corticosteroids or other immunosuppressants were used during treatment.']","['On day 8, colchicine was started following the diagnosis of systemic BD and acute neuro-BD.', 'The patient’s fever resolved, and his appetite improved the day after he started taking colchicine. Over the following 2\u2009weeks, his symptoms, including vertigo, general malaise, hiccups and mucocutaneous lesions, gradually improved. By day 16, serum sodium had normalised to 136\u2009mmol/L, and ADH levels had decreased to 1.8\u2009pg/mL.', 'Importantly, no systemic corticosteroids or other immunosuppressants were used during treatment.']","Because improvement in fever, neurological symptoms, mucocutaneous lesions, sodium, and ADH followed starting colchicine and no steroids or other immunosuppressants were given, the report links the multisystem improvement to colchicine alone.","Which single treatment was temporally linked to improvement in mucocutaneous symptoms, neurological symptoms, and hyponatraemia without steroids or other immunosuppressants?",colchicine monotherapy
"According to the case report 'Acute neurological Behçet's disease complicated by a syndrome of inappropriate secretion of antidiuretic hormone', the level of SIADH treatment that proved sufficient before sodium normalized was",conservative management,(C),"According to the case report 'Acute neurological Behçet's disease complicated by a syndrome of inappropriate secretion of antidiuretic hormone', the level of SIADH treatment that proved sufficient before sodium normalized was
(A) combined hypertonic saline and fluid restriction
(B) hypertonic saline administration
(C) conservative management
(D) aggressive sodium correction
(E) vasopressin receptor antagonist therapy",combined hypertonic saline and fluid restriction,hypertonic saline administration,conservative management,aggressive sodium correction,vasopressin receptor antagonist therapy,"[""hypertonic saline administration"", ""vasopressin receptor antagonist therapy"", ""aggressive sodium correction"", ""combined hypertonic saline and fluid restriction""]","According to the case report 'Acute neurological Behçet's disease complicated by a syndrome of inappropriate secretion of antidiuretic hormone', the level of SIADH treatment that proved sufficient before sodium normalized was conservative management",,,Multi-Fact Integration,"['SIADH was managed conservatively with fluid restriction (<800\u2009mL/day), careful daily monitoring of serum sodium and avoidance of the rapid correction of sodium levels. Hypertonic saline and vasopressin receptor antagonists were not required.', 'By day 16, serum sodium had normalised to 136\u2009mmol/L, and ADH levels had decreased to 1.8\u2009pg/mL.']","['SIADH was managed conservatively with fluid restriction (<800\u2009mL/day), careful daily monitoring of serum sodium and avoidance of the rapid correction of sodium levels. Hypertonic saline and vasopressin receptor antagonists were not required.', 'By day 16, serum sodium had normalised to 136\u2009mmol/L, and ADH levels had decreased to 1.8\u2009pg/mL.']","['SIADH was managed conservatively with fluid restriction (<800\u2009mL/day), careful daily monitoring of serum sodium and avoidance of the rapid correction of sodium levels. Hypertonic saline and vasopressin receptor antagonists were not required.', 'By day 16, serum sodium had normalised to 136\u2009mmol/L, and ADH levels had decreased to 1.8\u2009pg/mL.']","Because sodium normalized under fluid restriction and monitoring alone, without escalation to hypertonic saline or vasopressin antagonists, conservative treatment was sufficient.",What level of SIADH treatment proved sufficient before sodium normalized?,conservative management
"According to the case report 'Acute neurological Behçet's disease complicated by a syndrome of inappropriate secretion of antidiuretic hormone', the shared underlying problem that could explain both his persistent hiccups and rhabdomyolysis was",severe hyponatraemia,(C),"According to the case report 'Acute neurological Behçet's disease complicated by a syndrome of inappropriate secretion of antidiuretic hormone', the shared underlying problem that could explain both his persistent hiccups and rhabdomyolysis was
(A) dehydration-related electrolyte imbalance
(B) meningitis-related irritation
(C) severe hyponatraemia
(D) central nervous system inflammation
(E) brainstem involvement from neuro-Behçet's disease",dehydration-related electrolyte imbalance,meningitis-related irritation,severe hyponatraemia,central nervous system inflammation,brainstem involvement from neuro-Behçet's disease,"[""central nervous system inflammation"", ""brainstem involvement from neuro-Beh\u00e7et's disease"", ""meningitis-related irritation"", ""dehydration-related electrolyte imbalance""]","According to the case report 'Acute neurological Behçet's disease complicated by a syndrome of inappropriate secretion of antidiuretic hormone', the shared underlying problem that could explain both his persistent hiccups and rhabdomyolysis was severe hyponatraemia",,,Multi-Fact Integration,"['An Asian man in his 60s presented to the emergency department with a 3\u2009day history of fever, headache, general malaise, loss of appetite, persistent hiccups and arthralgia affecting the shoulders and ankles.', 'Previous reports have reported that persistent hiccups may serve as an important clinical clue to severe hyponatraemia caused by SIADH secondary to CNS inflammation, including meningitis.', 'this revealed rhabdomyolysis, a recognised but often overlooked complication of severe hyponatraemia']","['An Asian man in his 60s presented to the emergency department with a 3\u2009day history of fever, headache, general malaise, loss of appetite, persistent hiccups and arthralgia affecting the shoulders and ankles.', 'Previous reports have reported that persistent hiccups may serve as an important clinical clue to severe hyponatraemia caused by SIADH secondary to CNS inflammation, including meningitis.', 'this revealed rhabdomyolysis, a recognised but often overlooked complication of severe hyponatraemia']","['An Asian man in his 60s presented to the emergency department with a 3\u2009day history of fever, headache, general malaise, loss of appetite, persistent hiccups and arthralgia affecting the shoulders and ankles.', 'Previous reports have reported that persistent hiccups may serve as an important clinical clue to severe hyponatraemia caused by SIADH secondary to CNS inflammation, including meningitis.', 'this revealed rhabdomyolysis, a recognised but often overlooked complication of severe hyponatraemia']","The discussion explicitly links both persistent hiccups and rhabdomyolysis to severe hyponatraemia, so they can be traced to the same underlying problem.",What shared underlying problem could explain both his persistent hiccups and rhabdomyolysis according to the discussion?,severe hyponatraemia
"According to the case report 'Acute neurological Behçet's disease complicated by a syndrome of inappropriate secretion of antidiuretic hormone', unlike the usual several-year delay described for neuro-Behçet’s disease, this patient’s neurological diagnosis was",concurrent with systemic BD,(A),"According to the case report 'Acute neurological Behçet's disease complicated by a syndrome of inappropriate secretion of antidiuretic hormone', unlike the usual several-year delay described for neuro-Behçet’s disease, this patient’s neurological diagnosis was
(A) concurrent with systemic BD
(B) identified during a subsequent relapse of already diagnosed Behçet’s disease
(C) made before systemic Behçet’s disease was clinically recognized
(D) delayed until several years after the initial diagnosis of systemic BD
(E) established only after recurrent neurological episodes later in the disease course",concurrent with systemic BD,identified during a subsequent relapse of already diagnosed Behçet’s disease,made before systemic Behçet’s disease was clinically recognized,delayed until several years after the initial diagnosis of systemic BD,established only after recurrent neurological episodes later in the disease course,"[""delayed until several years after the initial diagnosis of systemic BD"", ""made before systemic Beh\u00e7et\u2019s disease was clinically recognized"", ""established only after recurrent neurological episodes later in the disease course"", ""identified during a subsequent relapse of already diagnosed Beh\u00e7et\u2019s disease""]","According to the case report 'Acute neurological Behçet's disease complicated by a syndrome of inappropriate secretion of antidiuretic hormone', unlike the usual several-year delay described for neuro-Behçet’s disease, this patient’s neurological diagnosis was concurrent with systemic BD",,,Synthesized Insight,"['Neurological involvement, referred to as neuro-Behçet’s disease (neuro-BD), occurs in approximately 10%–20% of patients and typically develops several years after the initial diagnosis.', 'We report a rare case of acute neurological Behçet’s disease (neuro-BD) diagnosed concurrently with systemic Behçet’s disease (BD)']","['Neurological involvement, referred to as neuro-Behçet’s disease (neuro-BD), occurs in approximately 10%–20% of patients and typically develops several years after the initial diagnosis.', 'We report a rare case of acute neurological Behçet’s disease (neuro-BD) diagnosed concurrently with systemic Behçet’s disease (BD)']","['Neurological involvement, referred to as neuro-Behçet’s disease (neuro-BD), occurs in approximately 10%–20% of patients and typically develops several years after the initial diagnosis.', 'We report a rare case of acute neurological Behçet’s disease (neuro-BD) diagnosed concurrently with systemic Behçet’s disease (BD)']","Because neuro-BD usually appears several years after BD, diagnosing both at the same time makes the timing unusual.","Compared with the usual course described in the report, what was unusual about the timing of this patient’s neurological diagnosis?",concurrent with systemic BD
"According to the case report 'Acute neurological Behçet's disease complicated by a syndrome of inappropriate secretion of antidiuretic hormone', because no pharmacological trigger was identified, the case most directly linked the SIADH to",acute neuro-BD,(B),"According to the case report 'Acute neurological Behçet's disease complicated by a syndrome of inappropriate secretion of antidiuretic hormone', because no pharmacological trigger was identified, the case most directly linked the SIADH to
(A) cyclophosphamide-associated toxicity
(B) acute neuro-BD
(C) Behçet's disease itself
(D) a systemic Behçet's flare
(E) central nervous system infection",cyclophosphamide-associated toxicity,acute neuro-BD,Behçet's disease itself,a systemic Behçet's flare,central nervous system infection,"[""Beh\u00e7et's disease itself"", ""cyclophosphamide-associated toxicity"", ""a systemic Beh\u00e7et's flare"", ""central nervous system infection""]","According to the case report 'Acute neurological Behçet's disease complicated by a syndrome of inappropriate secretion of antidiuretic hormone', because no pharmacological trigger was identified, the case most directly linked the SIADH to acute neuro-BD",,,Synthesized Insight,"['Although SIADH has been reported in association with BD patients receiving treatments such as cyclophosphamide, its occurrence in the absence of pharmacological triggers, and caused solely by CNS inflammation related to acute neuro-BD, remains unclear.', 'We report a rare case in which BD and acute neuro-BD were diagnosed concurrently, complicated by SIADH.', 'This case suggests a possible association between acute neuro-BD and SIADH']","['Although SIADH has been reported in association with BD patients receiving treatments such as cyclophosphamide, its occurrence in the absence of pharmacological triggers, and caused solely by CNS inflammation related to acute neuro-BD, remains unclear.', 'We report a rare case in which BD and acute neuro-BD were diagnosed concurrently, complicated by SIADH.', 'This case suggests a possible association between acute neuro-BD and SIADH']","['Although SIADH has been reported in association with BD patients receiving treatments such as cyclophosphamide, its occurrence in the absence of pharmacological triggers, and caused solely by CNS inflammation related to acute neuro-BD, remains unclear.', 'We report a rare case in which BD and acute neuro-BD were diagnosed concurrently, complicated by SIADH.', 'This case suggests a possible association between acute neuro-BD and SIADH']","Because no medication trigger was identified and SIADH occurred alongside acute neuro-BD, the case most directly links SIADH with that concurrent neurological disease.","Because no pharmacological trigger was identified, what concurrent disorder did the case most directly link to the SIADH?",acute neuro-BD
"According to the case report 'Acute neurological Behçet's disease complicated by a syndrome of inappropriate secretion of antidiuretic hormone', the newly appearing feature that pushed his Behçet’s disease score across the definite-disease threshold was",genital aphthosis,(E),"According to the case report 'Acute neurological Behçet's disease complicated by a syndrome of inappropriate secretion of antidiuretic hormone', the newly appearing feature that pushed his Behçet’s disease score across the definite-disease threshold was
(A) fever and fatigue
(B) folliculitis-like rash
(C) recurrent oral aphthae
(D) neurological involvement
(E) genital aphthosis",fever and fatigue,folliculitis-like rash,recurrent oral aphthae,neurological involvement,genital aphthosis,"[""folliculitis-like rash"", ""recurrent oral aphthae"", ""fever and fatigue"", ""neurological involvement""]","According to the case report 'Acute neurological Behçet's disease complicated by a syndrome of inappropriate secretion of antidiuretic hormone', the newly appearing feature that pushed his Behçet’s disease score across the definite-disease threshold was genital aphthosis",,,Reasoning Step,"['On day 5, a painful scrotum ulcer appeared (figure 1D). In combination with oral aphthae and folliculitis-like rashes, these findings suggested a systemic form of BD.', 'This patient was diagnosed with definite BD based on clinical features, including fever and fatigue, oral aphthae (two points), genital aphthosis (two points) and a folliculitis-like rash (one point). According to the International Criteria for Behçet’s Disease, he had a total score of five points (≥4 indicates definite disease).']","['On day 5, a painful scrotum ulcer appeared (figure 1D). In combination with oral aphthae and folliculitis-like rashes, these findings suggested a systemic form of BD.', 'This patient was diagnosed with definite BD based on clinical features, including fever and fatigue, oral aphthae (two points), genital aphthosis (two points) and a folliculitis-like rash (one point). According to the International Criteria for Behçet’s Disease, he had a total score of five points (≥4 indicates definite disease).']","['On day 5, a painful scrotum ulcer appeared (figure 1D). In combination with oral aphthae and folliculitis-like rashes, these findings suggested a systemic form of BD.', 'This patient was diagnosed with definite BD based on clinical features, including fever and fatigue, oral aphthae (two points), genital aphthosis (two points) and a folliculitis-like rash (one point). According to the International Criteria for Behçet’s Disease, he had a total score of five points (≥4 indicates definite disease).']","Oral aphthae plus rash gave only three points, so the new genital lesion added the points that moved him above the ≥4 threshold for definite BD.",Which newly appearing feature pushed his Behçet’s disease score across the definite-disease threshold?,genital aphthosis
