original_row_index,target,probe,fact,inference_type,source_fact(s),derivation,question,answer,source_facts,text_sentences
0, reception and placement services,"According to the opinion 'Pacito v. Trump', even if the admissions suspension remains in force during the appeal, the order preserves for refugees already admitted","According to the opinion 'Pacito v. Trump', even if the admissions suspension remains in force during the appeal, the order preserves for refugees already admitted reception and placement services",Multi-Fact Integration,"['On January 24, 2025, the Department of State suspended all funding of the USRAP program, purportedly pursuant to a different executive order entitled “Reevaluating and Realigning United States Foreign Aid.”', 'Pending further review, this suspension included funding for domestic resettlement services for refugees admitted to the United States.', 'The government is likely to prevail on plaintiffs’ challenge to the validity of Executive Order No. 14163’s suspension of refugee admissions', 'the government is hereby directed to reinstate such cooperative agreements necessary to provide the reception and placement services described in § 1522 to refugees who have been admitted to the United States.']","The panel separates new admissions from post-admission services, allowing the admissions suspension to stand while still preserving domestic services for already admitted refugees.","Even if the admissions suspension remains in force during the appeal, what benefit does the order preserve for refugees already admitted?",reception and placement services,"['On January 24, 2025, the Department of State suspended all funding of the USRAP program, purportedly pursuant to a different executive order entitled “Reevaluating and Realigning United States Foreign Aid.”', 'Pending further review, this suspension included funding for domestic resettlement services for refugees admitted to the United States.', 'The government is likely to prevail on plaintiffs’ challenge to the validity of Executive Order No. 14163’s suspension of refugee admissions', 'the government is hereby directed to reinstate such cooperative agreements necessary to provide the reception and placement services described in § 1522 to refugees who have been admitted to the United States.']","['On January 24, 2025, the Department of State suspended all funding of the USRAP program, purportedly pursuant to a different executive order entitled “Reevaluating and Realigning United States Foreign Aid.”', 'Pending further review, this suspension included funding for domestic resettlement services for refugees admitted to the United States.', 'The government is likely to prevail on plaintiffs’ challenge to the validity of Executive Order No. 14163’s suspension of refugee admissions', 'the government is hereby directed to reinstate such cooperative agreements necessary to provide the reception and placement services described in § 1522 to refugees who have been admitted to the United States.']"
1, likelihood of success,"According to the opinion 'Pacito v. Trump', in the stay analysis, the factor that points in opposite directions for the admissions issue and the APA services issue is","According to the opinion 'Pacito v. Trump', in the stay analysis, the factor that points in opposite directions for the admissions issue and the APA services issue is likelihood of success",Synthesized Insight,"['Of these factors, the first two—the showing of success on the merits and irreparable injury—are “the most critical.”', 'The government is likely to prevail on plaintiffs’ challenge to the validity of Executive Order No. 14163’s suspension of refugee admissions', 'For reasons to be explained in full in an opinion to follow, however, the government is not likely to prevail on at least one of plaintiffs’ challenges under the APA.']","Since the court identifies the first two factors as most critical and expressly reaches opposite conclusions on success on the merits for the two issues, that factor is the one driving the different outcomes.",Which stay factor points in opposite directions for the admissions issue and the APA services issue?,likelihood of success,"['Of these factors, the first two—the showing of success on the merits and irreparable injury—are “the most critical.”', 'The government is likely to prevail on plaintiffs’ challenge to the validity of Executive Order No. 14163’s suspension of refugee admissions', 'For reasons to be explained in full in an opinion to follow, however, the government is not likely to prevail on at least one of plaintiffs’ challenges under the APA.']","['Of these factors, the first two—the showing of success on the merits and irreparable injury—are “the most critical.”', 'The government is likely to prevail on plaintiffs’ challenge to the validity of Executive Order No. 14163’s suspension of refugee admissions', 'For reasons to be explained in full in an opinion to follow, however, the government is not likely to prevail on at least one of plaintiffs’ challenges under the APA.']"
4, authorization—not a mandate,"According to the opinion 'Pacito v. Trump', to require reinstatement of service agreements, the majority must reject the contrary reading of § 1522 that treats it as","According to the opinion 'Pacito v. Trump', to require reinstatement of service agreements, the majority must reject the contrary reading of § 1522 that treats it as authorization—not a mandate",Synthesized Insight,"['Under 8 U.S.C. § 1522, the government must provide certain reception and placement services to refugees after their admission into the United States.', 'the government is hereby directed to reinstate such cooperative agreements necessary to provide the reception and placement services described in § 1522', 'My colleagues interpret 8 U.S.C. § 1522 as requiring the government to provide certain services to refugees. To my eye, the provision is most naturally read as an authorization—not a mandate.']","Because the majority orders reinstatement on the premise that § 1522 requires services, it necessarily rejects Judge Lee’s contrary permissive reading.",What contrary reading of § 1522 must the majority reject in order to require reinstatement of service agreements?,authorization—not a mandate,"['Under 8 U.S.C. § 1522, the government must provide certain reception and placement services to refugees after their admission into the United States.', 'the government is hereby directed to reinstate such cooperative agreements necessary to provide the reception and placement services described in § 1522', 'My colleagues interpret 8 U.S.C. § 1522 as requiring the government to provide certain services to refugees. To my eye, the provision is most naturally read as an authorization—not a mandate.']","['Under 8 U.S.C. § 1522, the government must provide certain reception and placement services to refugees after their admission into the United States.', 'the government is hereby directed to reinstate such cooperative agreements necessary to provide the reception and placement services described in § 1522', 'My colleagues interpret 8 U.S.C. § 1522 as requiring the government to provide certain services to refugees. To my eye, the provision is most naturally read as an authorization—not a mandate.']"
5, admission into the United States,"According to the opinion 'Pacito v. Trump', combining the President’s suspension of refugee ""entry"" with § 1522’s application ""after their admission,"" the status that marks the line between the suspended program and the required services is","According to the opinion 'Pacito v. Trump', combining the President’s suspension of refugee ""entry"" with § 1522’s application ""after their admission,"" the status that marks the line between the suspended program and the required services is admission into the United States",Synthesized Insight,"['the President determined that “entry into the United States of refugees under the [U.S. Refugee Admissions Program (USRAP)] would be detrimental to the interests of the United States” and directed that “entry into the United States of refugees under the USRAP be suspended” pending further findings.', 'Under 8 U.S.C. § 1522, the government must provide certain reception and placement services to refugees after their admission into the United States.']","One rule governs refugees seeking entry and the other governs refugees after admission, so the status change that separates the two is admission itself.","Combining the President’s suspension of refugee ""entry"" with § 1522’s application ""after their admission,"" what status marks the line between the suspended program and the required services?",admission into the United States,"['the President determined that “entry into the United States of refugees under the [U.S. Refugee Admissions Program (USRAP)] would be detrimental to the interests of the United States” and directed that “entry into the United States of refugees under the USRAP be suspended” pending further findings.', 'Under 8 U.S.C. § 1522, the government must provide certain reception and placement services to refugees after their admission into the United States.']","['the President determined that “entry into the United States of refugees under the [U.S. Refugee Admissions Program (USRAP)] would be detrimental to the interests of the United States” and directed that “entry into the United States of refugees under the USRAP be suspended” pending further findings.', 'Under 8 U.S.C. § 1522, the government must provide certain reception and placement services to refugees after their admission into the United States.']"
9, APA challenge to ending resettlement services,"According to the opinion 'Pacito v. Trump', in the panel’s stay order, the exception most clearly rested on an APA claim involving the termination of refugee services, namely","According to the opinion 'Pacito v. Trump', in the panel’s stay order, the exception most clearly rested on an APA claim involving the termination of refugee services, namely APA challenge to ending resettlement services",Synthesized Insight,"['For reasons to be explained in full in an opinion to follow, however, the government is not likely to prevail on at least one of plaintiffs’ challenges under the APA.', 'Under 8 U.S.C. § 1522, the government must provide certain reception and placement services to refugees after their admission into the United States.', 'In light of the government’s uncertainty regarding its ability to provide the reception and placement services statutorily mandated under 8 U.S.C. § 1522, the government is hereby directed to reinstate such cooperative agreements necessary to provide the reception and placement services described in § 1522']","The APA discussion immediately turns on the asserted statutory duty to continue post-admission reception and placement services, showing that this service cut-off is the APA issue the court views as likely successful for plaintiffs.",What type of APA claim is most clearly the basis for the panel’s exception to the stay?,APA challenge to ending resettlement services,"['For reasons to be explained in full in an opinion to follow, however, the government is not likely to prevail on at least one of plaintiffs’ challenges under the APA.', 'Under 8 U.S.C. § 1522, the government must provide certain reception and placement services to refugees after their admission into the United States.', 'In light of the government’s uncertainty regarding its ability to provide the reception and placement services statutorily mandated under 8 U.S.C. § 1522, the government is hereby directed to reinstate such cooperative agreements necessary to provide the reception and placement services described in § 1522']","['For reasons to be explained in full in an opinion to follow, however, the government is not likely to prevail on at least one of plaintiffs’ challenges under the APA.', 'Under 8 U.S.C. § 1522, the government must provide certain reception and placement services to refugees after their admission into the United States.', 'In light of the government’s uncertainty regarding its ability to provide the reception and placement services statutorily mandated under 8 U.S.C. § 1522, the government is hereby directed to reinstate such cooperative agreements necessary to provide the reception and placement services described in § 1522']"
11, securing a new agency,"According to the opinion 'Pacito v. Trump', the later development that would have undercut the panel’s stated reason for reinstating the old cooperative agreements was","According to the opinion 'Pacito v. Trump', the later development that would have undercut the panel’s stated reason for reinstating the old cooperative agreements was securing a new agency",Reasoning Step,"['the government advised the district court on March 10, 2025, that it was “actively preparing a request for proposals for a new resettlement agency that could provide reception and placement services.”', 'Despite that representation, the government advised the panel at oral argument that it was unaware whether any progress had been made toward securing a new agency or agencies that could provide reception and placement services.', 'In light of the government’s uncertainty regarding its ability to provide the reception and placement services statutorily mandated under 8 U.S.C. § 1522, the government is hereby directed to reinstate such cooperative agreements necessary']","The panel ties reinstatement to the government’s uncertainty about replacement providers, so securing a replacement provider would weaken that rationale.",What later development would have undercut the panel’s stated reason for reinstating the old cooperative agreements?,securing a new agency,"['the government advised the district court on March 10, 2025, that it was “actively preparing a request for proposals for a new resettlement agency that could provide reception and placement services.”', 'Despite that representation, the government advised the panel at oral argument that it was unaware whether any progress had been made toward securing a new agency or agencies that could provide reception and placement services.', 'In light of the government’s uncertainty regarding its ability to provide the reception and placement services statutorily mandated under 8 U.S.C. § 1522, the government is hereby directed to reinstate such cooperative agreements necessary']","['the government advised the district court on March 10, 2025, that it was “actively preparing a request for proposals for a new resettlement agency that could provide reception and placement services.”', 'Despite that representation, the government advised the panel at oral argument that it was unaware whether any progress had been made toward securing a new agency or agencies that could provide reception and placement services.', 'In light of the government’s uncertainty regarding its ability to provide the reception and placement services statutorily mandated under 8 U.S.C. § 1522, the government is hereby directed to reinstate such cooperative agreements necessary']"
14, new stay order,"According to the opinion 'Pacito v. Trump', the government’s July 17 request for stay-related relief became moot after the panel vacated its earlier stays and issued a","According to the opinion 'Pacito v. Trump', the government’s July 17 request for stay-related relief became moot after the panel vacated its earlier stays and issued a new stay order",Reasoning Step,"['We hereby vacate our administrative stay issued July 18, 2025. We vacate our prior stay issued March 25, 2025, as amended on April 21 and May 9, 2025.', 'We issue this stay pending final resolution of this appeal.', 'The government’s emergency motion of July 17, 2025 (Dkt. 108) is denied as moot.']","Once the panel replaced the earlier stay framework with a new stay order, a motion seeking relief about the old framework no longer needed resolution.","The government asked for stay-related relief on July 17, but the panel later vacated its earlier stays and issued a new one; what procedural development made that motion moot?",new stay order,"['We hereby vacate our administrative stay issued July 18, 2025. We vacate our prior stay issued March 25, 2025, as amended on April 21 and May 9, 2025.', 'We issue this stay pending final resolution of this appeal.', 'The government’s emergency motion of July 17, 2025 (Dkt. 108) is denied as moot.']","['We hereby vacate our administrative stay issued July 18, 2025. We vacate our prior stay issued March 25, 2025, as amended on April 21 and May 9, 2025.', 'We issue this stay pending final resolution of this appeal.', 'The government’s emergency motion of July 17, 2025 (Dkt. 108) is denied as moot.']"
16, available appropriations existed,"According to the opinion 'Pacito v. Trump', because § 1522 duties operate ""to the extent of available appropriations"" and the panel identified FY 2025 refugee-assistance appropriations, it could treat the funding precondition as met because","According to the opinion 'Pacito v. Trump', because § 1522 duties operate ""to the extent of available appropriations"" and the panel identified FY 2025 refugee-assistance appropriations, it could treat the funding precondition as met because available appropriations existed",Reasoning Step,"['Section 1522(a)(1)(A) requires the Director of the Office of Refugee Resettlement—an office within the Department of Health and Human Services—“to the extent of available appropriations”—to: (i) make available sufficient resources for employment training and placement in order to achieve economic self-sufficiency among refugees as quickly as possible, (ii) provide refugees with the opportunity to acquire sufficient English language training to enable them to become effectively resettled as quickly as possible, (iii) insure that cash assistance is made available to refugees in such a manner as not to discourage their economic self-sufficiency, in accordance with subsection (e)(2), and (iv) insure that women have the same opportunities as men to participate in training and instruction.', 'We note that for FY 2025, Congress has appropriated $3.178 billion for migration and refugee assistance, see Pub. L. No. 119-4 § 1101(a)(11) (adopting funding appropriated in division F of Pub. L. No. 118-147), which was reduced by $800 million in the Rescissions Act of 2025, Pub. L. No. 119- 28, § 2(b)(6).']","Because the statute conditions duties on available appropriations and the panel identified an FY 2025 appropriation, the panel had reason to treat the appropriations condition as satisfied.","Given that § 1522 duties operate ""to the extent of available appropriations"" and the panel identified FY 2025 refugee-assistance appropriations, what funding precondition could it treat as met?",available appropriations existed,"['Section 1522(a)(1)(A) requires the Director of the Office of Refugee Resettlement—an office within the Department of Health and Human Services—“to the extent of available appropriations”—to: (i) make available sufficient resources for employment training and placement in order to achieve economic self-sufficiency among refugees as quickly as possible, (ii) provide refugees with the opportunity to acquire sufficient English language training to enable them to become effectively resettled as quickly as possible, (iii) insure that cash assistance is made available to refugees in such a manner as not to discourage their economic self-sufficiency, in accordance with subsection (e)(2), and (iv) insure that women have the same opportunities as men to participate in training and instruction.', 'We note that for FY 2025, Congress has appropriated $3.178 billion for migration and refugee assistance, see Pub. L. No. 119-4 § 1101(a)(11) (adopting funding appropriated in division F of Pub. L. No. 118-147), which was reduced by $800 million in the Rescissions Act of 2025, Pub. L. No. 119- 28, § 2(b)(6).']","['Section 1522(a)(1)(A) requires the Director of the Office of Refugee Resettlement—an office within the Department of Health and Human Services—“to the extent of available appropriations”—to: (i) make available sufficient resources for employment training and placement in order to achieve economic self-sufficiency among refugees as quickly as possible, (ii) provide refugees with the opportunity to acquire sufficient English language training to enable them to become effectively resettled as quickly as possible, (iii) insure that cash assistance is made available to refugees in such a manner as not to discourage their economic self-sufficiency, in accordance with subsection (e)(2), and (iv) insure that women have the same opportunities as men to participate in training and instruction.', 'We note that for FY 2025, Congress has appropriated $3.178 billion for migration and refugee assistance, see Pub. L. No. 119-4 § 1101(a)(11) (adopting funding appropriated in division F of Pub. L. No. 118-147), which was reduced by $800 million in the Rescissions Act of 2025, Pub. L. No. 119- 28, § 2(b)(6).']"
17, USRAP processing support abroad,"According to the opinion 'Pacito v. Trump', the category of terminated agreements that is not expressly required to be reinstated is","According to the opinion 'Pacito v. Trump', the category of terminated agreements that is not expressly required to be reinstated is USRAP processing support abroad",Multi-Fact Integration,"['On February 26, the government terminated every cooperative agreement to provide reception and placement services for refugees in the United States and all but one of the cooperative agreements to provide USRAP processing support abroad.', 'the government is hereby directed to reinstate such cooperative agreements necessary to provide the reception and placement services described in § 1522 to refugees who have been admitted to the United States.']","The reinstatement command is limited to agreements necessary for domestic reception and placement services for admitted refugees, so the separately mentioned abroad-processing agreements are not expressly included.",Which category of terminated agreements is not expressly required to be reinstated by the panel’s order?,USRAP processing support abroad,"['On February 26, the government terminated every cooperative agreement to provide reception and placement services for refugees in the United States and all but one of the cooperative agreements to provide USRAP processing support abroad.', 'the government is hereby directed to reinstate such cooperative agreements necessary to provide the reception and placement services described in § 1522 to refugees who have been admitted to the United States.']","['On February 26, the government terminated every cooperative agreement to provide reception and placement services for refugees in the United States and all but one of the cooperative agreements to provide USRAP processing support abroad.', 'the government is hereby directed to reinstate such cooperative agreements necessary to provide the reception and placement services described in § 1522 to refugees who have been admitted to the United States.']"
18, only necessary cooperative agreements,"According to the opinion 'Pacito v. Trump', compared with the district court’s March 24 injunction, the panel narrowed the reinstatement remedy to","According to the opinion 'Pacito v. Trump', compared with the district court’s March 24 injunction, the panel narrowed the reinstatement remedy to only necessary cooperative agreements",Multi-Fact Integration,"['On March 24, the district court issued a second preliminary injunction ordering the State Department to reinstate all cooperative agreements terminated after the February 25 ruling.', 'The district court’s orders of February 28 and March 24, 2025 are stayed in their entirety, except as noted below.', 'the government is hereby directed to reinstate such cooperative agreements necessary to provide the reception and placement services described in § 1522 to refugees who have been admitted to the United States.']","The district court required all terminated agreements to be restored, but the panel replaced that with a narrower command limited to agreements needed to provide § 1522 services to admitted refugees.","Compared with the district court’s March 24 injunction, how did the panel narrow the reinstatement remedy?",only necessary cooperative agreements,"['On March 24, the district court issued a second preliminary injunction ordering the State Department to reinstate all cooperative agreements terminated after the February 25 ruling.', 'The district court’s orders of February 28 and March 24, 2025 are stayed in their entirety, except as noted below.', 'the government is hereby directed to reinstate such cooperative agreements necessary to provide the reception and placement services described in § 1522 to refugees who have been admitted to the United States.']","['On March 24, the district court issued a second preliminary injunction ordering the State Department to reinstate all cooperative agreements terminated after the February 25 ruling.', 'The district court’s orders of February 28 and March 24, 2025 are stayed in their entirety, except as noted below.', 'the government is hereby directed to reinstate such cooperative agreements necessary to provide the reception and placement services described in § 1522 to refugees who have been admitted to the United States.']"
